,movimiento_id,buque_id,matricula,radar_id,muelle,tipo_carga,origen,fecha_ingreso,hora_ingreso,fecha_egreso,hora_egreso,tonelaje_declarado,velocidad_ingreso,velocidad_maxima_muelle,estado_despacho,duracion_hora,exceso_velocidad_real,exceso_velocidad
3,MOV-00005,B-017,ONEPLATA,R-03,MUELLEE,SOJA,VALPARAISO,2024-05-13,1900-01-01 16:58:00,2024-05-13,1900-01-01 02:16:00,6166.47,16.2,15,PENDIENTE,,1.1999999999999993,0.4499999999999993
8,MOV-00012,B-023,ONEPARANA,R-04,MUELLEF,SOJA,SHANGHAI,1900-01-01,1900-01-01 05:51:00,2024-11-06,1900-01-01 01:51:00,6969.71,11.2,10,RECHAZADO,,1.1999999999999993,0.6999999999999993
9,MOV-00013,B-015,ZIMDELTA,R-01,MUELLEF,TRIGO,ROTTERDAM,2021-12-20,1900-01-01 20:32:00,2021-12-23,1900-01-01 05:43:00,4918.63,13.1,12,EN_REVISION,2 days 09:11:00,1.0999999999999996,0.4999999999999982
10,MOV-00014,B-003,MAERSKPAMPAS,,MUELLEE,TRIGO,SHANGHAI,2023-06-30,1900-01-01 10:42:00,2023-07-01,1900-01-01 19:13:00,6604.27,13.9,12,RECHAZADO,1 days 08:31:00,1.9000000000000004,1.299999999999999
12,MOV-00016,B-032,COSCOTIGRE,R-04,MUELLEB,GRANOS,BUENOS AIRES,2022-11-26,1900-01-01 14:03:00,2022-11-28,1900-01-01 02:49:00,5421.5,17.3,15,RECHAZADO,1 days 12:46:00,2.3000000000000007,1.5500000000000007
13,MOV-00018,B-023,YANGMING,R-07,MUELLED,TRIGO,HAMBURG,2021-11-19,1900-01-01 21:43:00,2021-11-22,1900-01-01 00:22:00,4801.28,15.4,12,PENDIENTE,2 days 02:39:00,3.4000000000000004,2.799999999999999
21,MOV-00026,B-006,YANGESTE,R-01,MUELLED,ACEITE,VALPARAISO,2023-04-17,1900-01-01 00:48:00,2023-04-18,1900-01-01 00:00:00,7576.43,16.2,15,DESPACHADO,0 days 23:12:00,1.1999999999999993,0.4499999999999993
22,MOV-00027,B-026,ZIMNORTE,R-01,MUELLED,SOJA,SHANGHAI,2024-11-06,1900-01-01 16:52:00,2024-11-06,1900-01-01 19:10:00,3586.83,19.1,12,EN_REVISION,0 days 02:18:00,7.100000000000001,6.5
24,MOV-00029,B-033,PILSANTA,R-01,MUELLEC,HARINA,HAMBURG,2023-02-04,1900-01-01 17:24:00,2023-02-07,1900-01-01 03:49:00,3696.06,13.1,12,PENDIENTE,2 days 10:25:00,1.0999999999999996,0.4999999999999982
26,MOV-00031,B-028,MAERSKLIMA,R-02,MUELLED,MAIZ,VALPARAISO,2022-01-04,1900-01-01 11:27:00,2022-01-05,1900-01-01 01:21:00,7051.4,13.5,12,DESPACHADO,0 days 13:54:00,1.5,0.8999999999999986
29,MOV-00035,B-020,MAERSKPAMPAS,R-02,MUELLEB,GRANOS,SANTA FE,2024-12-22,1900-01-01 17:08:00,2024-12-24,1900-01-01 21:41:00,,12.0,10,EN_REVISION,2 days 04:33:00,2.0,1.5
34,MOV-00040,B-014,CMAROSARIO,R-08,MUELLEB,SOJA,SHANGHAI,2024-07-11,1900-01-01 13:54:00,2024-07-11,1900-01-01 07:21:00,5727.86,13.6,10,EN_REVISION,,3.5999999999999996,3.0999999999999996
39,MOV-00045,B-013,MSCALPHA,R-08,MUELLEE,MAIZ,SANTA FE,2024-01-02,1900-01-01 02:32:00,2024-01-03,1900-01-01 16:59:00,7045.67,15.9,12,RECHAZADO,1 days 14:27:00,3.9000000000000004,3.299999999999999
40,MOV-00046,B-017,YANGESTE,R-03,MUELLEC,SOJA,MONTEVIDEO,2022-03-13,1900-01-01 04:38:00,2022-03-13,1900-01-01 04:59:00,4352.23,16.1,15,EN_REVISION,0 days 00:21:00,1.1000000000000014,0.3500000000000014
43,MOV-00051,B-025,EVERGREEN02,R-05,MUELLEF,GRANOS,SHANGHAI,2020-07-31,1900-01-01 18:47:00,2020-08-02,1900-01-01 14:51:00,,16.0,15,DESPACHADO,1 days 20:04:00,1.0,0.25
45,MOV-00053,B-019,MSCALPHA,R-02,MUELLEA,ACEITE,VALPARAISO,2023-11-13,1900-01-01 14:22:00,2023-11-16,1900-01-01 06:21:00,3200.68,13.6,10,EN_REVISION,2 days 15:59:00,3.5999999999999996,3.0999999999999996
48,MOV-00056,B-020,COSCOTIGRE,R-08,MUELLEE,CONTENEDORES,ROTTERDAM,2022-07-10,1900-01-01 14:43:00,2022-07-13,1900-01-01 23:39:00,5739.47,13.9,10,DESPACHADO,3 days 08:56:00,3.9000000000000004,3.4000000000000004
53,MOV-00062,B-010,ZIMDELTA,R-01,MUELLEE,SOJA,SAO PAULO,2023-11-15,1900-01-01 06:26:00,2023-11-18,1900-01-01 21:09:00,3834.7,13.1,12,DESPACHADO,3 days 14:43:00,1.0999999999999996,0.4999999999999982
54,MOV-00063,B-017,YANGESTE,,MUELLEB,TRIGO,VALPARAISO,2024-04-28,1900-01-01 09:45:00,2024-04-29,1900-01-01 00:00:00,5506.97,20.0,12,EN_REVISION,0 days 14:15:00,8.0,7.399999999999999
56,MOV-00065,B-004,COSCOSTAR,R-04,MUELLEE,GRANOS,MONTEVIDEO,2024-09-08,1900-01-01 12:50:00,2024-09-11,1900-01-01 11:19:00,5551.09,10.7,10,RECHAZADO,2 days 22:29:00,0.6999999999999993,0.1999999999999993
59,MOV-00068,B-037,MAERSKLIMA,,MUELLEE,TRIGO,MONTEVIDEO,2023-10-25,1900-01-01 06:45:00,2023-10-28,1900-01-01 22:57:00,4314.36,15.2,10,PENDIENTE,3 days 16:12:00,5.199999999999999,4.699999999999999
63,MOV-00072,B-015,YANGMING,R-03,MUELLED,GRANOS,ROTTERDAM,2021-06-06,1900-01-01 06:21:00,2021-06-06,1900-01-01 03:44:00,4397.33,11.4,10,RECHAZADO,,1.4000000000000004,0.9000000000000004
65,MOV-00074,B-038,PILOESTE,,MUELLEC,MAIZ,SAO PAULO,2022-10-19,1900-01-01 17:41:00,2022-10-21,1900-01-01 00:25:00,5195.16,15.9,10,EN_REVISION,1 days 06:44:00,5.9,5.4
70,MOV-00081,B-021,HAPAGRIO,R-07,MUELLEC,HARINA,HAMBURG,2022-01-17,1900-01-01 03:59:00,2022-01-18,1900-01-01 07:00:00,4553.31,14.2,12,PENDIENTE,1 days 03:01:00,2.1999999999999993,1.5999999999999979
73,MOV-00085,B-032,ONEPLATA,R-06,MUELLEE,CONTENEDORES,ROTTERDAM,2020-12-19,1900-01-01 21:45:00,2020-12-21,1900-01-01 00:00:00,3661.36,16.7,15,DESPACHADO,1 days 02:15:00,1.6999999999999993,0.9499999999999993
76,MOV-00088,B-011,YANGESTE,R-03,MUELLEB,TRIGO,SANTA FE,2021-10-24,1900-01-01 22:18:00,2021-10-26,1900-01-01 15:18:00,3415.63,11.2,10,EN_REVISION,1 days 17:00:00,1.1999999999999993,0.6999999999999993
77,MOV-00089,B-026,HAPAGSUR,R-03,MUELLEE,HARINA,ROTTERDAM,2022-04-05,1900-01-01 16:47:00,2022-04-07,1900-01-01 18:29:00,3376.24,13.3,10,RECHAZADO,2 days 01:42:00,3.3000000000000007,2.8000000000000007
85,MOV-00097,B-024,MAERSKLIMA,,MUELLEB,TRIGO,SANTA FE,1900-01-01,1900-01-01 09:20:00,2024-05-04,1900-01-01 23:36:00,6218.43,13.4,12,RECHAZADO,,1.4000000000000004,0.7999999999999989
86,MOV-00098,B-023,MSCGENOVA,R-06,MUELLEA,CONTENEDORES,VALPARAISO,2022-10-04,1900-01-01 01:09:00,2022-10-05,1900-01-01 22:10:00,5952.49,20.2,12,DESPACHADO,1 days 21:01:00,8.2,7.599999999999998
89,MOV-00101,B-029,CMAROSARIO,R-02,MUELLEC,SOJA,SANTA FE,2024-08-09,1900-01-01 23:25:00,2024-08-12,1900-01-01 21:51:00,7588.44,14.1,12,RECHAZADO,2 days 22:26:00,2.0999999999999996,1.4999999999999982
90,MOV-00102,B-013,ONEPLATA,R-04,MUELLEF,GRANOS,ROTTERDAM,1900-01-01,1900-01-01 16:20:00,2023-03-06,1900-01-01 19:52:00,2924.29,12.7,12,EN_REVISION,,0.6999999999999993,0.09999999999999787
95,MOV-00108,B-019,COSCOSTAR,R-08,MUELLEA,HARINA,ROTTERDAM,2023-08-07,1900-01-01 17:24:00,2023-08-08,1900-01-01 17:21:00,3238.98,12.3,10,RECHAZADO,0 days 23:57:00,2.3000000000000007,1.8000000000000007
97,MOV-00110,B-005,COSCOSTAR,R-07,MUELLEE,CONTENEDORES,SHANGHAI,2024-05-29,1900-01-01 22:39:00,2024-06-01,1900-01-01 22:57:00,2342.09,11.2,10,EN_REVISION,3 days 00:18:00,1.1999999999999993,0.6999999999999993
99,MOV-00112,B-014,MAERSKPAMPAS,R-08,MUELLEE,ACEITE,SANTA FE,2020-10-04,1900-01-01 16:56:00,2020-10-04,1900-01-01 01:16:00,6728.89,13.9,12,PENDIENTE,,1.9000000000000004,1.299999999999999
100,MOV-00113,B-031,PILOESTE,R-06,MUELLEC,MAIZ,VALPARAISO,2024-10-14,1900-01-01 00:00:00,2024-10-16,1900-01-01 00:00:00,,14.9,10,DESPACHADO,2 days 00:00:00,4.9,4.4
102,MOV-00116,B-036,HAPAGRIO,R-06,MUELLEF,SOJA,SAO PAULO,2024-06-02,1900-01-01 10:23:00,2024-06-03,1900-01-01 03:40:00,5405.43,18.0,12,EN_REVISION,0 days 17:17:00,6.0,5.399999999999999
105,MOV-00121,B-007,PILSANTA,R-04,MUELLED,HARINA,VALPARAISO,2024-10-11,1900-01-01 00:00:00,2024-10-13,1900-01-01 00:00:00,7090.14,13.7,10,RECHAZADO,2 days 00:00:00,3.6999999999999993,3.1999999999999993
111,MOV-00127,B-009,CMAROSARIO,R-07,MUELLEE,HARINA,SHANGHAI,2023-11-07,1900-01-01 11:58:00,2023-11-08,1900-01-01 05:32:00,5509.85,16.0,12,PENDIENTE,0 days 17:34:00,4.0,3.3999999999999986
112,MOV-00128,B-034,MAERSKLIMA,R-01,MUELLED,MAIZ,SANTA FE,2021-08-09,1900-01-01 21:16:00,2021-08-10,1900-01-01 12:04:00,5618.79,16.8,10,DESPACHADO,0 days 14:48:00,6.800000000000001,6.300000000000001
116,MOV-00133,B-008,ZIMNORTE,R-01,MUELLEF,SOJA,SANTA FE,2024-05-30,1900-01-01 21:19:00,2024-05-31,1900-01-01 04:04:00,4111.59,14.8,12,DESPACHADO,0 days 06:45:00,2.8000000000000007,2.1999999999999993
118,MOV-00136,B-031,CMALITORAL,R-08,MUELLEC,HARINA,HAMBURG,2024-10-24,1900-01-01 04:57:00,2024-10-27,1900-01-01 11:29:00,5737.11,15.7,12,DESPACHADO,3 days 06:32:00,3.6999999999999993,3.099999999999998
119,MOV-00137,B-026,ZIMDELTA,R-05,MUELLEB,MINERALES,BUENOS AIRES,2024-10-02,1900-01-01 19:43:00,2024-10-03,1900-01-01 18:48:00,4885.13,12.3,10,RECHAZADO,0 days 23:05:00,2.3000000000000007,1.8000000000000007
122,MOV-00140,B-026,YANGESTE,R-01,MUELLEF,HARINA,BUENOS AIRES,2020-12-15,1900-01-01 07:53:00,2020-12-17,1900-01-01 00:00:00,1422.1,15.0,12,PENDIENTE,1 days 16:07:00,3.0,2.3999999999999986
124,MOV-00142,B-019,YANGESTE,R-07,MUELLEC,TRIGO,SANTA FE,2022-02-07,1900-01-01 20:13:00,2022-02-09,1900-01-01 00:13:00,4469.82,11.3,10,DESPACHADO,1 days 04:00:00,1.3000000000000007,0.8000000000000007
125,MOV-00143,B-037,EVERGREEN02,R-07,MUELLEF,MAIZ,BUENOS AIRES,2020-07-24,1900-01-01 06:32:00,2020-07-26,1900-01-01 09:21:00,3243.42,13.5,10,PENDIENTE,2 days 02:49:00,3.5,3.0
126,MOV-00145,B-005,COSCOSTAR,R-05,MUELLEF,ACEITE,SHANGHAI,2022-04-07,1900-01-01 18:00:00,2022-04-09,1900-01-01 00:09:00,5457.35,19.6,12,EN_REVISION,1 days 06:09:00,7.600000000000001,7.0
127,MOV-00146,B-030,PILOESTE,R-01,MUELLED,SOJA,VALPARAISO,2023-10-18,1900-01-01 22:14:00,2023-10-20,1900-01-01 04:19:00,3433.59,15.6,10,DESPACHADO,1 days 06:05:00,5.6,5.1
128,MOV-00147,B-013,HAPAGSUR,R-04,MUELLEB,TRIGO,VALPARAISO,2021-12-30,1900-01-01 00:00:00,2021-12-30,1900-01-01 10:55:00,5296.73,17.6,15,PENDIENTE,0 days 10:55:00,2.6000000000000014,1.8500000000000014
130,MOV-00149,B-024,EVERGREEN02,R-07,MUELLEC,MINERALES,MONTEVIDEO,2024-01-16,1900-01-01 08:51:00,2024-01-17,1900-01-01 17:47:00,6811.06,11.4,10,PENDIENTE,1 days 08:56:00,1.4000000000000004,0.9000000000000004
139,MOV-00160,B-007,EVERGLORY,R-07,MUELLEF,MINERALES,VALPARAISO,2020-01-27,1900-01-01 06:41:00,2020-01-30,1900-01-01 05:06:00,3906.55,15.0,10,DESPACHADO,2 days 22:25:00,5.0,4.5
146,MOV-00169,B-016,PILOESTE,R-03,MUELLED,HARINA,SHANGHAI,2023-04-04,1900-01-01 17:43:00,2023-04-05,1900-01-01 04:11:00,4211.84,11.5,10,RECHAZADO,0 days 10:28:00,1.5,1.0
147,MOV-00170,B-021,MAERSKPAMPAS,R-07,MUELLEC,MINERALES,VALPARAISO,2020-02-23,1900-01-01 00:00:00,2020-02-25,1900-01-01 18:20:00,5103.71,10.6,10,PENDIENTE,2 days 18:20:00,0.5999999999999996,0.09999999999999964
149,MOV-00172,B-016,ONEPLATA,R-07,MUELLEF,GRANOS,ROTTERDAM,2024-05-03,1900-01-01 09:29:00,2024-05-04,1900-01-01 21:32:00,5476.51,15.0,12,DESPACHADO,1 days 12:03:00,3.0,2.3999999999999986
153,MOV-00176,B-014,YANGESTE,R-01,MUELLEA,SOJA,HAMBURG,2022-12-12,1900-01-01 18:39:00,2022-12-14,1900-01-01 00:00:00,2911.86,14.6,12,EN_REVISION,1 days 05:21:00,2.5999999999999996,1.9999999999999982
156,MOV-00179,B-024,CMALITORAL,,MUELLEB,HARINA,MONTEVIDEO,2020-07-08,1900-01-01 14:32:00,2020-07-08,1900-01-01 23:40:00,4766.89,12.6,10,DESPACHADO,0 days 09:08:00,2.5999999999999996,2.0999999999999996
158,MOV-00181,B-019,PILOESTE,R-04,MUELLEB,SOJA,VALPARAISO,2022-08-22,1900-01-01 21:03:00,2022-08-23,1900-01-01 01:25:00,4625.31,11.8,10,EN_REVISION,0 days 04:22:00,1.8000000000000007,1.3000000000000007
165,MOV-00189,B-039,HAPAGRIO,R-03,MUELLEF,MINERALES,SHANGHAI,2021-01-05,1900-01-01 16:55:00,2021-01-06,1900-01-01 06:13:00,4868.31,16.6,12,PENDIENTE,0 days 13:18:00,4.600000000000001,4.0
166,MOV-00190,B-011,CMALITORAL,R-07,MUELLED,HARINA,HAMBURG,2021-06-21,1900-01-01 04:33:00,2021-06-23,1900-01-01 07:52:00,3633.6,15.2,12,PENDIENTE,2 days 03:19:00,3.1999999999999993,2.599999999999998
168,MOV-00192,B-039,CMAROSARIO,R-07,MUELLEF,MAIZ,BUENOS AIRES,2023-08-01,1900-01-01 14:59:00,2023-08-03,1900-01-01 22:58:00,4971.79,15.4,10,PENDIENTE,2 days 07:59:00,5.4,4.9
169,MOV-00194,B-015,MSCGENOVA,R-07,MUELLEF,MINERALES,BUENOS AIRES,2023-07-18,1900-01-01 20:05:00,2023-07-20,1900-01-01 00:00:00,4489.78,14.2,10,EN_REVISION,1 days 03:55:00,4.199999999999999,3.6999999999999993
170,MOV-00195,B-009,EVERGLORY,R-04,MUELLEA,TRIGO,HAMBURG,1900-01-01,1900-01-01 17:53:00,2022-10-23,1900-01-01 17:46:00,6380.91,13.4,12,RECHAZADO,,1.4000000000000004,0.7999999999999989
173,MOV-00199,B-008,CMAROSARIO,R-08,MUELLED,MAIZ,MONTEVIDEO,2022-06-09,1900-01-01 08:21:00,2022-06-11,1900-01-01 04:05:00,6076.86,13.0,10,DESPACHADO,1 days 19:44:00,3.0,2.5
174,MOV-00200,B-027,ONEPARANA,R-07,MUELLEB,SOJA,HAMBURG,2023-06-02,1900-01-01 14:11:00,2023-06-04,1900-01-01 17:01:00,6209.9,13.1,10,RECHAZADO,2 days 02:50:00,3.0999999999999996,2.5999999999999996
178,MOV-00204,B-015,MSCALPHA,R-06,MUELLEC,CONTENEDORES,VALPARAISO,2022-10-23,1900-01-01 16:53:00,2022-10-24,1900-01-01 19:46:00,6017.96,13.1,12,DESPACHADO,1 days 02:53:00,1.0999999999999996,0.4999999999999982
180,MOV-00206,B-030,YANGMING,R-03,MUELLEC,MAIZ,VALPARAISO,2020-10-30,1900-01-01 11:18:00,2020-11-02,1900-01-01 07:21:00,1826.69,12.8,10,PENDIENTE,2 days 20:03:00,2.8000000000000007,2.3000000000000007
182,MOV-00208,B-003,CMAROSARIO,R-02,MUELLEC,GRANOS,ROTTERDAM,2023-05-30,1900-01-01 20:12:00,2023-06-02,1900-01-01 13:21:00,4501.51,12.4,10,PENDIENTE,2 days 17:09:00,2.4000000000000004,1.9000000000000004
190,MOV-00217,B-038,MAERSKLIMA,R-03,MUELLEA,ACEITE,SAO PAULO,2020-09-08,1900-01-01 07:53:00,2020-09-10,1900-01-01 11:43:00,5711.2,17.5,12,EN_REVISION,2 days 03:50:00,5.5,4.899999999999999
193,MOV-00220,B-019,MSCALPHA,R-01,MUELLEA,GRANOS,MONTEVIDEO,2024-04-16,1900-01-01 20:21:00,2024-04-19,1900-01-01 00:00:00,,16.0,10,EN_REVISION,2 days 03:39:00,6.0,5.5
196,MOV-00224,B-028,EVERGLORY,R-04,MUELLEB,HARINA,MONTEVIDEO,2023-02-01,1900-01-01 05:41:00,2023-02-01,1900-01-01 14:22:00,4885.84,17.4,15,DESPACHADO,0 days 08:41:00,2.3999999999999986,1.6499999999999986
200,MOV-00228,B-011,ZIMDELTA,R-03,MUELLEE,CONTENEDORES,SHANGHAI,2020-12-21,1900-01-01 21:37:00,2020-12-23,1900-01-01 05:06:00,3061.88,12.7,12,RECHAZADO,1 days 07:29:00,0.6999999999999993,0.09999999999999787
202,MOV-00230,B-027,HAPAGRIO,R-07,MUELLEB,GRANOS,VALPARAISO,2022-01-27,1900-01-01 18:43:00,2022-01-30,1900-01-01 23:49:00,5119.68,15.3,10,EN_REVISION,3 days 05:06:00,5.300000000000001,4.800000000000001
208,MOV-00238,B-026,YANGMING,R-02,MUELLEB,MAIZ,SANTA FE,2024-10-25,1900-01-01 00:13:00,2024-10-27,1900-01-01 23:34:00,5163.81,12.3,10,PENDIENTE,2 days 23:21:00,2.3000000000000007,1.8000000000000007
210,MOV-00240,B-040,EVERGREEN02,R-08,MUELLEF,CONTENEDORES,SANTA FE,2022-06-16,1900-01-01 07:32:00,2022-06-17,1900-01-01 22:06:00,4814.52,13.9,12,PENDIENTE,1 days 14:34:00,1.9000000000000004,1.299999999999999
211,MOV-00241,B-006,HAPAGSUR,R-03,MUELLEB,TRIGO,MONTEVIDEO,2021-09-13,1900-01-01 07:13:00,2021-09-13,1900-01-01 00:00:00,6002.7,13.8,12,RECHAZADO,,1.8000000000000007,1.1999999999999993
214,MOV-00245,B-023,COSCOTIGRE,R-04,MUELLEC,SOJA,SANTA FE,2022-12-01,1900-01-01 00:00:00,2022-12-03,1900-01-01 17:16:00,3527.05,15.0,10,EN_REVISION,2 days 17:16:00,5.0,4.5
216,MOV-00247,B-006,EVERGLORY,R-07,MUELLEB,MINERALES,SAO PAULO,2023-04-19,1900-01-01 17:33:00,2023-04-21,1900-01-01 00:01:00,6590.95,14.1,12,RECHAZADO,1 days 06:28:00,2.0999999999999996,1.4999999999999982
222,MOV-00254,B-022,PILSANTA,R-08,MUELLEC,TRIGO,SHANGHAI,1900-01-01,1900-01-01 22:08:00,2020-02-03,1900-01-01 19:49:00,5742.74,19.4,12,EN_REVISION,,7.399999999999999,6.799999999999997
223,MOV-00255,B-025,YANGESTE,,MUELLED,MAIZ,SANTA FE,2020-01-20,1900-01-01 07:47:00,2020-01-20,1900-01-01 08:45:00,2261.35,13.6,12,DESPACHADO,0 days 00:58:00,1.5999999999999996,0.9999999999999982
227,MOV-00259,B-019,COSCOTIGRE,R-07,MUELLEA,CONTENEDORES,SAO PAULO,2024-12-07,1900-01-01 19:39:00,2024-12-08,1900-01-01 12:41:00,3716.45,13.0,12,DESPACHADO,0 days 17:02:00,1.0,0.3999999999999986
229,MOV-00262,B-024,EVERGLORY,R-01,MUELLEB,TRIGO,VALPARAISO,2021-11-26,1900-01-01 17:15:00,2021-11-27,1900-01-01 06:07:00,5181.36,14.3,10,PENDIENTE,0 days 12:52:00,4.300000000000001,3.8000000000000007
231,MOV-00264,B-011,ONEPLATA,R-07,MUELLEF,ACEITE,HAMBURG,2023-11-23,1900-01-01 15:45:00,2023-11-26,1900-01-01 18:11:00,5817.49,16.3,15,RECHAZADO,3 days 02:26:00,1.3000000000000007,0.5500000000000007
234,MOV-00268,B-025,ONEPARANA,R-07,MUELLEA,CONTENEDORES,SAO PAULO,2023-08-01,1900-01-01 09:05:00,2023-08-02,1900-01-01 02:32:00,6208.92,14.5,12,RECHAZADO,0 days 17:27:00,2.5,1.8999999999999986
236,MOV-00270,B-030,PILOESTE,R-01,MUELLEF,SOJA,VALPARAISO,2022-03-11,1900-01-01 19:52:00,2022-03-12,1900-01-01 22:17:00,3681.56,16.7,12,RECHAZADO,1 days 02:25:00,4.699999999999999,4.099999999999998
240,MOV-00274,B-013,YANGESTE,R-04,MUELLEE,CONTENEDORES,ROTTERDAM,2020-12-21,1900-01-01 00:25:00,2020-12-22,1900-01-01 16:30:00,5062.63,13.4,12,DESPACHADO,1 days 16:05:00,1.4000000000000004,0.7999999999999989
241,MOV-00275,B-017,MAERSKLIMA,R-06,MUELLEF,CONTENEDORES,MONTEVIDEO,2021-10-13,1900-01-01 21:30:00,2021-10-14,1900-01-01 08:24:00,5918.93,16.5,15,EN_REVISION,0 days 10:54:00,1.5,0.75
249,MOV-00283,B-001,COSCOTIGRE,R-05,MUELLED,MINERALES,SHANGHAI,2021-10-07,1900-01-01 07:23:00,2021-10-09,1900-01-01 13:43:00,4060.33,15.9,12,RECHAZADO,2 days 06:20:00,3.9000000000000004,3.299999999999999
250,MOV-00284,B-031,ONEPLATA,R-07,MUELLEF,TRIGO,SANTA FE,2024-07-11,1900-01-01 23:20:00,2024-07-14,1900-01-01 12:25:00,6127.94,12.3,10,EN_REVISION,2 days 13:05:00,2.3000000000000007,1.8000000000000007
251,MOV-00285,B-033,EVERGLORY,R-03,MUELLED,SOJA,VALPARAISO,2022-09-14,1900-01-01 21:34:00,2022-09-16,1900-01-01 01:40:00,5642.51,14.8,10,RECHAZADO,1 days 04:06:00,4.800000000000001,4.300000000000001
255,MOV-00289,B-019,YANGMING,R-04,MUELLEF,CONTENEDORES,BUENOS AIRES,2024-10-06,1900-01-01 22:19:00,2024-10-09,1900-01-01 00:00:00,4054.49,16.8,10,PENDIENTE,2 days 01:41:00,6.800000000000001,6.300000000000001
256,MOV-00291,B-008,COSCOSTAR,R-02,MUELLED,TRIGO,SANTA FE,2021-01-05,1900-01-01 12:30:00,2021-01-07,1900-01-01 14:43:00,4705.22,16.9,15,RECHAZADO,2 days 02:13:00,1.8999999999999986,1.1499999999999986
258,MOV-00293,B-032,MSCALPHA,R-06,MUELLEE,TRIGO,BUENOS AIRES,2024-10-19,1900-01-01 06:08:00,2024-10-20,1900-01-01 01:21:00,5062.71,13.9,12,DESPACHADO,0 days 19:13:00,1.9000000000000004,1.299999999999999
262,MOV-00299,B-020,EVERGREEN02,R-02,MUELLEA,ACEITE,MONTEVIDEO,2021-02-08,1900-01-01 02:33:00,1900-01-01,1900-01-01 18:24:00,4661.29,13.1,12,RECHAZADO,,1.0999999999999996,0.4999999999999982
263,MOV-00300,B-001,EVERGREEN02,R-04,MUELLEA,TRIGO,VALPARAISO,2020-03-05,1900-01-01 05:42:00,2020-03-06,1900-01-01 03:50:00,5837.47,14.3,12,DESPACHADO,0 days 22:08:00,2.3000000000000007,1.6999999999999993
265,MOV-00302,B-012,ONEPARANA,R-03,MUELLEB,SOJA,MONTEVIDEO,2022-05-23,1900-01-01 00:39:00,2022-05-24,1900-01-01 14:44:00,8552.11,14.2,10,RECHAZADO,1 days 14:05:00,4.199999999999999,3.6999999999999993
266,MOV-00303,B-003,MSCGENOVA,R-01,MUELLEF,ACEITE,SAO PAULO,2022-06-01,1900-01-01 05:16:00,1900-01-01,1900-01-01 00:00:00,2416.08,13.1,10,EN_REVISION,,3.0999999999999996,2.5999999999999996
270,MOV-00310,B-025,MAERSKLIMA,R-08,MUELLEB,SOJA,SAO PAULO,2023-06-14,1900-01-01 10:07:00,2023-06-16,1900-01-01 07:50:00,5940.1,11.3,10,DESPACHADO,1 days 21:43:00,1.3000000000000007,0.8000000000000007
271,MOV-00311,B-005,MSCGENOVA,R-03,MUELLEF,MAIZ,SHANGHAI,2024-07-26,1900-01-01 02:07:00,2024-07-28,1900-01-01 02:32:00,3517.3,15.0,12,PENDIENTE,2 days 00:25:00,3.0,2.3999999999999986
275,MOV-00315,B-030,HAPAGSUR,R-06,MUELLEF,CONTENEDORES,ROTTERDAM,2021-02-02,1900-01-01 08:06:00,2021-02-03,1900-01-01 20:11:00,,13.0,12,PENDIENTE,1 days 12:05:00,1.0,0.3999999999999986
277,MOV-00318,B-011,YANGMING,R-03,MUELLEA,HARINA,SHANGHAI,2021-06-12,1900-01-01 15:16:00,2021-06-15,1900-01-01 15:21:00,5638.67,13.0,12,EN_REVISION,3 days 00:05:00,1.0,0.3999999999999986
279,MOV-00320,B-014,HAPAGSUR,R-02,MUELLEC,MINERALES,SANTA FE,2021-10-17,1900-01-01 18:02:00,2021-10-19,1900-01-01 00:00:00,5638.09,11.5,10,PENDIENTE,1 days 05:58:00,1.5,1.0
280,MOV-00322,B-021,MSCGENOVA,R-03,MUELLED,MAIZ,HAMBURG,2021-06-22,1900-01-01 16:46:00,2021-06-22,1900-01-01 10:35:00,7401.79,17.2,12,EN_REVISION,,5.199999999999999,4.599999999999998
288,MOV-00334,B-004,PILSANTA,R-01,MUELLEA,GRANOS,VALPARAISO,2021-07-06,1900-01-01 22:10:00,2021-07-07,1900-01-01 00:00:00,4842.24,16.6,12,DESPACHADO,0 days 01:50:00,4.600000000000001,4.0
289,MOV-00335,B-019,COSCOSTAR,R-06,MUELLEE,TRIGO,SAO PAULO,2020-01-27,1900-01-01 21:13:00,2020-01-30,1900-01-01 02:28:00,6248.54,13.6,10,DESPACHADO,2 days 05:15:00,3.5999999999999996,3.0999999999999996
291,MOV-00337,B-007,EVERGLORY,R-07,MUELLEF,CONTENEDORES,SAO PAULO,2022-12-20,1900-01-01 19:31:00,2022-12-23,1900-01-01 00:07:00,5277.83,13.7,12,EN_REVISION,2 days 04:36:00,1.6999999999999993,1.0999999999999979
294,MOV-00342,B-038,MAERSKLIMA,R-01,MUELLED,HARINA,SANTA FE,2021-05-29,1900-01-01 04:22:00,2021-05-30,1900-01-01 17:16:00,3637.09,16.6,10,RECHAZADO,1 days 12:54:00,6.600000000000001,6.100000000000001
296,MOV-00344,B-030,MAERSKPAMPAS,R-07,MUELLED,GRANOS,SANTA FE,2024-05-30,1900-01-01 07:37:00,2024-06-02,1900-01-01 09:26:00,5561.19,12.9,12,RECHAZADO,3 days 01:49:00,0.9000000000000004,0.29999999999999893
300,MOV-00348,B-014,EVERGREEN02,R-07,MUELLEE,SOJA,MONTEVIDEO,2022-07-30,1900-01-01 22:54:00,2022-07-31,1900-01-01 17:15:00,3857.73,15.8,12,PENDIENTE,0 days 18:21:00,3.8000000000000007,3.1999999999999993
304,MOV-00353,B-003,EVERGREEN02,R-02,MUELLED,SOJA,HAMBURG,2022-10-14,1900-01-01 00:00:00,2022-10-16,1900-01-01 00:06:00,4954.97,12.9,10,PENDIENTE,2 days 00:06:00,2.9000000000000004,2.4000000000000004
306,MOV-00355,B-019,CMAROSARIO,R-07,MUELLED,SOJA,BUENOS AIRES,2023-12-15,1900-01-01 23:52:00,2023-12-18,1900-01-01 11:33:00,4998.12,15.8,12,DESPACHADO,2 days 11:41:00,3.8000000000000007,3.1999999999999993
311,MOV-00361,B-033,ONEPLATA,R-06,MUELLEB,CONTENEDORES,SANTA FE,2020-06-07,1900-01-01 07:36:00,2020-06-10,1900-01-01 10:15:00,1917.76,19.1,10,PENDIENTE,3 days 02:39:00,9.100000000000001,8.600000000000001
313,MOV-00363,B-027,MAERSKPAMPAS,R-03,MUELLEE,MINERALES,SAO PAULO,2022-05-07,1900-01-01 08:48:00,2022-05-10,1900-01-01 02:57:00,5151.36,11.6,10,PENDIENTE,2 days 18:09:00,1.5999999999999996,1.0999999999999996
315,MOV-00365,B-007,ZIMDELTA,R-05,MUELLED,ACEITE,SANTA FE,2020-10-20,1900-01-01 01:52:00,2020-10-21,1900-01-01 22:22:00,4740.42,14.9,10,RECHAZADO,1 days 20:30:00,4.9,4.4
318,MOV-00369,B-008,YANGMING,R-07,MUELLED,ACEITE,SAO PAULO,2023-09-14,1900-01-01 03:22:00,2023-09-16,1900-01-01 08:23:00,6001.8,14.2,12,RECHAZADO,2 days 05:01:00,2.1999999999999993,1.5999999999999979
324,MOV-00375,B-001,HAPAGRIO,R-02,MUELLEB,TRIGO,HAMBURG,2023-07-06,1900-01-01 16:31:00,2023-07-07,1900-01-01 07:40:00,6223.03,12.8,10,DESPACHADO,0 days 15:09:00,2.8000000000000007,2.3000000000000007
327,MOV-00378,B-011,MSCGENOVA,R-04,MUELLEB,SOJA,MONTEVIDEO,2020-06-08,1900-01-01 01:08:00,2020-06-10,1900-01-01 07:56:00,6247.2,17.3,12,PENDIENTE,2 days 06:48:00,5.300000000000001,4.699999999999999
330,MOV-00381,B-009,COSCOSTAR,R-07,MUELLEA,GRANOS,HAMBURG,2024-10-12,1900-01-01 06:41:00,2024-10-12,1900-01-01 23:06:00,4069.0,17.5,12,DESPACHADO,0 days 16:25:00,5.5,4.899999999999999
331,MOV-00383,B-020,ONEPARANA,R-03,MUELLEC,GRANOS,ROTTERDAM,2022-04-27,1900-01-01 07:53:00,2022-04-28,1900-01-01 22:21:00,5288.55,13.5,12,EN_REVISION,1 days 14:28:00,1.5,0.8999999999999986
332,MOV-00384,B-028,EVERGREEN02,R-05,MUELLEB,ACEITE,VALPARAISO,2022-08-15,1900-01-01 08:02:00,2022-08-16,1900-01-01 09:17:00,4177.33,11.8,10,DESPACHADO,1 days 01:15:00,1.8000000000000007,1.3000000000000007
334,MOV-00386,B-011,YANGMING,R-04,MUELLEE,MAIZ,MONTEVIDEO,2021-09-25,1900-01-01 04:51:00,2021-09-27,1900-01-01 03:39:00,5095.77,11.0,10,EN_REVISION,1 days 22:48:00,1.0,0.5
339,MOV-00394,B-034,EVERGREEN02,R-05,MUELLEC,ACEITE,HAMBURG,2023-07-02,1900-01-01 11:36:00,2023-07-04,1900-01-01 15:10:00,6651.49,12.8,10,RECHAZADO,2 days 03:34:00,2.8000000000000007,2.3000000000000007
342,MOV-00399,B-007,MSCALPHA,R-02,MUELLED,MINERALES,SAO PAULO,2024-05-31,1900-01-01 14:44:00,2024-06-02,1900-01-01 04:18:00,3993.35,15.8,12,EN_REVISION,1 days 13:34:00,3.8000000000000007,3.1999999999999993
346,MOV-00404,B-020,PILSANTA,R-04,MUELLEC,HARINA,VALPARAISO,2022-09-25,1900-01-01 00:20:00,2022-09-27,1900-01-01 07:19:00,6542.46,15.3,10,RECHAZADO,2 days 06:59:00,5.300000000000001,4.800000000000001
347,MOV-00405,B-020,YANGESTE,R-04,MUELLEE,MAIZ,SHANGHAI,2024-10-11,1900-01-01 05:39:00,2024-10-12,1900-01-01 21:47:00,5430.33,14.8,10,PENDIENTE,1 days 16:08:00,4.800000000000001,4.300000000000001
348,MOV-00406,B-027,MSCGENOVA,R-07,MUELLEA,CONTENEDORES,SHANGHAI,2024-08-03,1900-01-01 22:12:00,2024-08-05,1900-01-01 20:24:00,7023.15,11.2,10,PENDIENTE,1 days 22:12:00,1.1999999999999993,0.6999999999999993
349,MOV-00407,B-003,COSCOTIGRE,R-08,MUELLEB,HARINA,ROTTERDAM,2023-01-06,1900-01-01 11:28:00,2023-01-08,1900-01-01 23:06:00,6377.86,14.6,12,DESPACHADO,2 days 11:38:00,2.5999999999999996,1.9999999999999982
356,MOV-00415,B-035,CMALITORAL,R-03,MUELLEE,GRANOS,VALPARAISO,2021-10-23,1900-01-01 21:34:00,2021-10-25,1900-01-01 09:18:00,2456.01,13.2,10,RECHAZADO,1 days 11:44:00,3.1999999999999993,2.6999999999999993
369,MOV-00428,B-015,CMALITORAL,R-05,MUELLEE,GRANOS,HAMBURG,2020-02-15,1900-01-01 17:28:00,2020-02-16,1900-01-01 05:57:00,3715.56,12.1,10,RECHAZADO,0 days 12:29:00,2.0999999999999996,1.5999999999999996
371,MOV-00430,B-025,MAERSKPAMPAS,R-07,MUELLEF,MINERALES,MONTEVIDEO,2023-12-19,1900-01-01 13:56:00,2023-12-21,1900-01-01 16:22:00,5423.49,14.4,10,EN_REVISION,2 days 02:26:00,4.4,3.9000000000000004
375,MOV-00434,B-037,ZIMNORTE,,MUELLEF,ACEITE,SANTA FE,2021-12-21,1900-01-01 17:03:00,2021-12-24,1900-01-01 19:42:00,5974.98,12.7,10,DESPACHADO,3 days 02:39:00,2.6999999999999993,2.1999999999999993
376,MOV-00436,B-001,COSCOTIGRE,R-01,MUELLEF,MINERALES,MONTEVIDEO,2024-06-08,1900-01-01 15:04:00,2024-06-09,1900-01-01 20:31:00,5534.34,12.6,10,PENDIENTE,1 days 05:27:00,2.5999999999999996,2.0999999999999996
377,MOV-00437,B-034,EVERGLORY,R-08,MUELLED,SOJA,BUENOS AIRES,2024-04-10,1900-01-01 22:51:00,2024-04-11,1900-01-01 04:03:00,6155.51,12.7,10,PENDIENTE,0 days 05:12:00,2.6999999999999993,2.1999999999999993
378,MOV-00438,B-013,EVERGLORY,R-07,MUELLED,MAIZ,VALPARAISO,2023-09-09,1900-01-01 23:28:00,2023-09-10,1900-01-01 14:57:00,5261.25,16.2,12,DESPACHADO,0 days 15:29:00,4.199999999999999,3.599999999999998
381,MOV-00441,B-014,ONEPARANA,R-04,MUELLEF,ACEITE,HAMBURG,2020-10-16,1900-01-01 15:06:00,2020-10-19,1900-01-01 22:37:00,4274.29,13.8,12,RECHAZADO,3 days 07:31:00,1.8000000000000007,1.1999999999999993
383,MOV-00443,B-038,CMALITORAL,R-08,MUELLEC,MAIZ,VALPARAISO,2020-11-30,1900-01-01 13:07:00,2020-12-03,1900-01-01 00:47:00,,14.3,10,EN_REVISION,2 days 11:40:00,4.300000000000001,3.8000000000000007
384,MOV-00446,B-018,COSCOTIGRE,R-06,MUELLEC,CONTENEDORES,ROTTERDAM,2023-02-05,1900-01-01 06:31:00,2023-02-06,1900-01-01 17:23:00,5745.42,14.0,12,EN_REVISION,1 days 10:52:00,2.0,1.3999999999999986
386,MOV-00448,B-039,HAPAGRIO,R-08,MUELLEC,GRANOS,HAMBURG,2021-06-23,1900-01-01 04:56:00,2021-06-24,1900-01-01 09:06:00,4511.93,11.9,10,PENDIENTE,1 days 04:10:00,1.9000000000000004,1.4000000000000004
387,MOV-00449,B-017,YANGMING,R-03,MUELLEA,GRANOS,BUENOS AIRES,2024-03-27,1900-01-01 13:05:00,2024-03-30,1900-01-01 18:15:00,3911.87,16.0,15,RECHAZADO,3 days 05:10:00,1.0,0.25
388,MOV-00451,B-010,PILSANTA,R-06,MUELLEB,GRANOS,HAMBURG,2021-07-22,1900-01-01 07:12:00,2021-07-25,1900-01-01 11:40:00,6230.11,16.7,15,RECHAZADO,3 days 04:28:00,1.6999999999999993,0.9499999999999993
392,MOV-00455,B-010,CMALITORAL,R-07,MUELLEE,MAIZ,HAMBURG,2021-02-09,1900-01-01 22:38:00,1900-01-01,1900-01-01 17:03:00,5747.81,13.5,12,EN_REVISION,,1.5,0.8999999999999986
393,MOV-00456,B-021,PILOESTE,R-01,MUELLEE,GRANOS,MONTEVIDEO,2020-07-28,1900-01-01 16:10:00,2020-07-30,1900-01-01 22:38:00,5414.23,12.4,10,RECHAZADO,2 days 06:28:00,2.4000000000000004,1.9000000000000004
395,MOV-00458,B-011,COSCOTIGRE,R-04,MUELLEB,GRANOS,VALPARAISO,2024-09-05,1900-01-01 00:00:00,2024-09-06,1900-01-01 00:00:00,3653.61,10.8,10,EN_REVISION,1 days 00:00:00,0.8000000000000007,0.3000000000000007
398,MOV-00462,B-019,HAPAGSUR,R-04,MUELLEC,GRANOS,VALPARAISO,2023-08-24,1900-01-01 01:55:00,2023-08-26,1900-01-01 04:57:00,5124.59,15.3,10,PENDIENTE,2 days 03:02:00,5.300000000000001,4.800000000000001
403,MOV-00468,B-034,HAPAGSUR,R-03,MUELLED,HARINA,MONTEVIDEO,2023-11-07,1900-01-01 04:53:00,2023-11-07,1900-01-01 11:33:00,4730.34,14.6,10,DESPACHADO,0 days 06:40:00,4.6,4.1
404,MOV-00469,B-007,HAPAGRIO,R-03,MUELLEB,GRANOS,HAMBURG,2023-12-21,1900-01-01 16:57:00,2023-12-23,1900-01-01 07:39:00,3755.79,15.5,10,RECHAZADO,1 days 14:42:00,5.5,5.0
406,MOV-00472,B-015,CMAROSARIO,R-08,MUELLEE,CONTENEDORES,MONTEVIDEO,2022-06-05,1900-01-01 19:01:00,2022-06-08,1900-01-01 06:13:00,4196.73,10.6,10,PENDIENTE,2 days 11:12:00,0.5999999999999996,0.09999999999999964
410,MOV-00476,B-028,ONEPARANA,,MUELLEF,GRANOS,SANTA FE,2021-08-05,1900-01-01 13:15:00,2021-08-06,1900-01-01 03:57:00,4121.64,15.6,12,DESPACHADO,0 days 14:42:00,3.5999999999999996,2.9999999999999982
413,MOV-00480,B-036,EVERGLORY,R-05,MUELLEA,HARINA,HAMBURG,2024-11-18,1900-01-01 05:14:00,2024-11-20,1900-01-01 18:05:00,4364.41,17.7,12,PENDIENTE,2 days 12:51:00,5.699999999999999,5.099999999999998
416,MOV-00483,B-008,YANGESTE,R-07,MUELLED,CONTENEDORES,VALPARAISO,2021-03-17,1900-01-01 13:49:00,2021-03-18,1900-01-01 04:11:00,6371.36,12.5,10,EN_REVISION,0 days 14:22:00,2.5,2.0
418,MOV-00486,B-040,COSCOTIGRE,R-05,MUELLED,TRIGO,SANTA FE,2022-05-06,1900-01-01 18:12:00,2022-05-09,1900-01-01 07:09:00,4029.65,19.0,10,DESPACHADO,2 days 12:57:00,9.0,8.5
422,MOV-00490,B-037,COSCOSTAR,R-01,MUELLEB,HARINA,SHANGHAI,2023-06-12,1900-01-01 00:52:00,2023-06-13,1900-01-01 00:00:00,6539.59,13.0,10,DESPACHADO,0 days 23:08:00,3.0,2.5
423,MOV-00491,B-019,EVERGLORY,R-07,MUELLEC,MAIZ,HAMBURG,2023-08-31,1900-01-01 22:52:00,2023-09-03,1900-01-01 12:42:00,4096.5,14.8,12,RECHAZADO,2 days 13:50:00,2.8000000000000007,2.1999999999999993
427,MOV-00495,B-003,ZIMDELTA,R-05,MUELLED,HARINA,SANTA FE,2021-05-04,1900-01-01 12:00:00,2021-05-06,1900-01-01 00:00:00,7861.89,13.9,12,PENDIENTE,1 days 12:00:00,1.9000000000000004,1.299999999999999
429,MOV-00497,B-010,MAERSKLIMA,R-01,MUELLEB,SOJA,VALPARAISO,2022-10-21,1900-01-01 17:29:00,2022-10-24,1900-01-01 13:57:00,5995.05,14.1,10,PENDIENTE,2 days 20:28:00,4.1,3.5999999999999996
432,MOV-00500,B-004,YANGMING,R-03,MUELLEF,HARINA,ROTTERDAM,2022-12-23,1900-01-01 11:04:00,2022-12-26,1900-01-01 13:02:00,4552.58,17.7,10,PENDIENTE,3 days 01:58:00,7.699999999999999,7.199999999999999
435,MOV-00503,B-025,ONEPARANA,R-05,MUELLEC,MAIZ,ROTTERDAM,2023-06-16,1900-01-01 03:45:00,2023-06-18,1900-01-01 00:00:00,5837.0,10.7,10,RECHAZADO,1 days 20:15:00,0.6999999999999993,0.1999999999999993
437,MOV-00505,B-032,HAPAGSUR,R-05,MUELLED,GRANOS,VALPARAISO,2024-03-12,1900-01-01 14:33:00,2024-03-14,1900-01-01 08:00:00,4355.81,12.7,10,DESPACHADO,1 days 17:27:00,2.6999999999999993,2.1999999999999993
438,MOV-00506,B-031,ZIMDELTA,R-08,MUELLEB,GRANOS,SAO PAULO,2022-11-09,1900-01-01 20:59:00,2022-11-10,1900-01-01 08:30:00,2365.02,17.8,15,RECHAZADO,0 days 11:31:00,2.8000000000000007,2.0500000000000007
441,MOV-00510,B-023,CMALITORAL,R-03,MUELLEA,SOJA,SANTA FE,2024-02-19,1900-01-01 01:46:00,2024-02-20,1900-01-01 16:06:00,5787.9,17.2,10,EN_REVISION,1 days 14:20:00,7.199999999999999,6.699999999999999
443,MOV-00512,B-037,ONEPARANA,R-08,MUELLED,MAIZ,HAMBURG,2024-06-22,1900-01-01 00:12:00,2024-06-24,1900-01-01 14:39:00,4342.4,15.8,15,EN_REVISION,2 days 14:27:00,0.8000000000000007,0.05000000000000071
444,MOV-00513,B-012,ZIMNORTE,R-04,MUELLEB,TRIGO,SANTA FE,2022-12-11,1900-01-01 17:05:00,2022-12-13,1900-01-01 23:43:00,5081.26,15.8,12,DESPACHADO,2 days 06:38:00,3.8000000000000007,3.1999999999999993
446,MOV-00515,B-019,PILSANTA,R-03,MUELLEA,MAIZ,HAMBURG,2020-11-04,1900-01-01 05:52:00,2020-11-05,1900-01-01 04:28:00,2369.12,12.4,10,EN_REVISION,0 days 22:36:00,2.4000000000000004,1.9000000000000004
447,MOV-00516,B-008,ZIMDELTA,R-07,MUELLEB,HARINA,SAO PAULO,2024-08-09,1900-01-01 05:50:00,2024-08-11,1900-01-01 22:12:00,4740.37,12.7,12,EN_REVISION,2 days 16:22:00,0.6999999999999993,0.09999999999999787
452,MOV-00523,B-011,ONEPARANA,R-03,MUELLEA,TRIGO,HAMBURG,2021-06-06,1900-01-01 00:00:00,2021-06-07,1900-01-01 14:40:00,4362.87,14.7,10,EN_REVISION,1 days 14:40:00,4.699999999999999,4.199999999999999
453,MOV-00524,B-003,ONEPARANA,R-01,MUELLEE,TRIGO,SHANGHAI,2022-03-02,1900-01-01 04:43:00,2022-03-04,1900-01-01 03:31:00,3685.67,14.5,10,RECHAZADO,1 days 22:48:00,4.5,4.0
455,MOV-00526,B-038,COSCOSTAR,R-05,MUELLEC,MAIZ,SANTA FE,2022-04-05,1900-01-01 19:45:00,2022-04-08,1900-01-01 02:24:00,6584.87,11.8,10,RECHAZADO,2 days 06:39:00,1.8000000000000007,1.3000000000000007
460,MOV-00533,B-011,MAERSKLIMA,R-02,MUELLEE,MAIZ,SANTA FE,2024-08-16,1900-01-01 16:42:00,2024-08-18,1900-01-01 03:27:00,6519.15,15.2,10,RECHAZADO,1 days 10:45:00,5.199999999999999,4.699999999999999
461,MOV-00534,B-007,MAERSKPAMPAS,R-05,MUELLEC,GRANOS,SAO PAULO,2022-03-26,1900-01-01 15:34:00,2022-03-27,1900-01-01 10:29:00,5254.62,14.2,10,RECHAZADO,0 days 18:55:00,4.199999999999999,3.6999999999999993
467,MOV-00541,B-035,PILOESTE,R-02,MUELLEC,CONTENEDORES,MONTEVIDEO,2021-01-17,1900-01-01 17:48:00,2021-01-19,1900-01-01 11:11:00,6590.74,14.2,12,EN_REVISION,1 days 17:23:00,2.1999999999999993,1.5999999999999979
468,MOV-00542,B-026,EVERGREEN02,R-06,MUELLEA,MINERALES,VALPARAISO,2023-06-03,1900-01-01 10:48:00,1900-01-01,1900-01-01 09:32:00,6458.48,10.8,10,RECHAZADO,,0.8000000000000007,0.3000000000000007
469,MOV-00543,B-016,PILSANTA,R-01,MUELLEA,ACEITE,SAO PAULO,2020-08-08,1900-01-01 10:52:00,2020-08-10,1900-01-01 22:14:00,,14.5,12,RECHAZADO,2 days 11:22:00,2.5,1.8999999999999986
470,MOV-00544,B-007,YANGMING,R-02,MUELLEA,ACEITE,MONTEVIDEO,2023-11-26,1900-01-01 00:00:00,2023-11-29,1900-01-01 07:34:00,3907.86,14.5,10,RECHAZADO,3 days 07:34:00,4.5,4.0
474,MOV-00548,B-039,CMAROSARIO,R-01,MUELLEF,HARINA,BUENOS AIRES,2022-11-30,1900-01-01 07:26:00,2022-12-01,1900-01-01 00:00:00,4890.22,12.3,10,DESPACHADO,0 days 16:34:00,2.3000000000000007,1.8000000000000007
477,MOV-00551,B-015,HAPAGRIO,R-07,MUELLEC,TRIGO,SANTA FE,2023-06-05,1900-01-01 22:46:00,2023-06-06,1900-01-01 07:43:00,4936.35,14.3,12,EN_REVISION,0 days 08:57:00,2.3000000000000007,1.6999999999999993
481,MOV-00556,B-019,MSCGENOVA,R-07,MUELLEF,MAIZ,SHANGHAI,2020-11-03,1900-01-01 19:18:00,2020-11-05,1900-01-01 12:59:00,4053.49,10.8,10,DESPACHADO,1 days 17:41:00,0.8000000000000007,0.3000000000000007
482,MOV-00557,B-032,MSCGENOVA,R-02,MUELLEB,MINERALES,BUENOS AIRES,2023-01-30,1900-01-01 10:34:00,2023-02-01,1900-01-01 23:50:00,4799.25,15.1,12,PENDIENTE,2 days 13:16:00,3.0999999999999996,2.4999999999999982
484,MOV-00559,B-037,CMALITORAL,R-06,MUELLED,HARINA,BUENOS AIRES,2022-01-31,1900-01-01 09:27:00,2022-02-01,1900-01-01 01:11:00,3310.98,13.6,12,EN_REVISION,0 days 15:44:00,1.5999999999999996,0.9999999999999982
486,MOV-00561,B-024,ONEPLATA,R-05,MUELLED,HARINA,SAO PAULO,2020-02-05,1900-01-01 18:27:00,2020-02-06,1900-01-01 00:00:00,5850.36,16.2,10,RECHAZADO,0 days 05:33:00,6.199999999999999,5.699999999999999
488,MOV-00564,B-036,YANGMING,R-02,MUELLED,CONTENEDORES,BUENOS AIRES,2022-09-20,1900-01-01 15:36:00,2022-09-22,1900-01-01 20:13:00,5207.39,14.4,10,PENDIENTE,2 days 04:37:00,4.4,3.9000000000000004
489,MOV-00565,B-009,MSCGENOVA,R-04,MUELLED,GRANOS,HAMBURG,2023-09-15,1900-01-01 21:42:00,2023-09-16,1900-01-01 19:12:00,5971.9,13.9,10,PENDIENTE,0 days 21:30:00,3.9000000000000004,3.4000000000000004
490,MOV-00567,B-012,ONEPARANA,,MUELLEE,SOJA,VALPARAISO,2020-11-19,1900-01-01 16:57:00,2020-11-22,1900-01-01 03:40:00,6455.2,14.4,10,RECHAZADO,2 days 10:43:00,4.4,3.9000000000000004
491,MOV-00568,B-017,COSCOSTAR,R-07,MUELLEA,ACEITE,ROTTERDAM,2020-12-28,1900-01-01 15:18:00,2020-12-29,1900-01-01 10:44:00,3480.58,12.1,10,DESPACHADO,0 days 19:26:00,2.0999999999999996,1.5999999999999996
492,MOV-00569,B-017,YANGESTE,R-07,MUELLEA,HARINA,HAMBURG,2023-02-22,1900-01-01 10:06:00,2023-02-24,1900-01-01 04:28:00,5752.97,14.6,10,EN_REVISION,1 days 18:22:00,4.6,4.1
496,MOV-00574,B-026,ONEPARANA,R-07,MUELLEC,TRIGO,ROTTERDAM,2022-02-01,1900-01-01 19:03:00,2022-02-03,1900-01-01 05:33:00,6277.43,14.3,12,PENDIENTE,1 days 10:30:00,2.3000000000000007,1.6999999999999993
499,MOV-00577,B-002,MAERSKLIMA,R-02,MUELLEB,HARINA,BUENOS AIRES,2024-07-27,1900-01-01 08:34:00,2024-07-30,1900-01-01 00:00:00,2762.06,17.8,15,DESPACHADO,2 days 15:26:00,2.8000000000000007,2.0500000000000007
501,MOV-00579,B-020,CMAROSARIO,R-02,MUELLEF,TRIGO,SHANGHAI,2020-04-06,1900-01-01 01:43:00,2020-04-08,1900-01-01 15:06:00,3702.29,15.8,12,EN_REVISION,2 days 13:23:00,3.8000000000000007,3.1999999999999993
503,MOV-00581,B-013,EVERGLORY,R-07,MUELLEE,TRIGO,SHANGHAI,2024-10-02,1900-01-01 07:56:00,2024-10-04,1900-01-01 20:45:00,4732.8,18.3,12,PENDIENTE,2 days 12:49:00,6.300000000000001,5.699999999999999
507,MOV-00586,B-038,MSCALPHA,R-02,MUELLEA,GRANOS,SAO PAULO,2020-01-08,1900-01-01 00:00:00,2020-01-10,1900-01-01 00:00:00,,13.3,10,DESPACHADO,2 days 00:00:00,3.3000000000000007,2.8000000000000007
510,MOV-00591,B-004,COSCOSTAR,R-07,MUELLEB,ACEITE,ROTTERDAM,2024-08-21,1900-01-01 04:17:00,2024-08-23,1900-01-01 01:42:00,6267.37,11.0,10,EN_REVISION,1 days 21:25:00,1.0,0.5
517,MOV-00600,B-023,EVERGREEN02,R-04,MUELLEC,ACEITE,MONTEVIDEO,2022-04-14,1900-01-01 15:36:00,2022-04-14,1900-01-01 08:07:00,4704.18,12.9,10,DESPACHADO,,2.9000000000000004,2.4000000000000004
520,MOV-00604,B-029,MAERSKLIMA,R-02,MUELLEC,MAIZ,SAO PAULO,2020-07-21,1900-01-01 20:50:00,2020-07-22,1900-01-01 14:07:00,5536.2,14.9,10,DESPACHADO,0 days 17:17:00,4.9,4.4
524,MOV-00609,B-016,ZIMNORTE,R-05,MUELLEA,CONTENEDORES,ROTTERDAM,2020-08-30,1900-01-01 13:31:00,2020-08-30,1900-01-01 01:22:00,5288.11,13.0,10,PENDIENTE,,3.0,2.5
525,MOV-00610,B-020,PILOESTE,R-05,MUELLEC,HARINA,SANTA FE,2023-11-03,1900-01-01 09:38:00,2023-11-04,1900-01-01 10:06:00,6167.84,11.4,10,RECHAZADO,1 days 00:28:00,1.4000000000000004,0.9000000000000004
527,MOV-00612,B-024,EVERGLORY,R-06,MUELLEE,TRIGO,SAO PAULO,2024-07-14,1900-01-01 22:15:00,2024-07-15,1900-01-01 19:00:00,4945.59,14.0,10,PENDIENTE,0 days 20:45:00,4.0,3.5
528,MOV-00614,B-026,YANGESTE,R-03,MUELLEC,ACEITE,ROTTERDAM,2024-10-13,1900-01-01 07:00:00,2024-10-15,1900-01-01 14:42:00,4580.32,15.1,10,RECHAZADO,2 days 07:42:00,5.1,4.6
532,MOV-00618,B-008,ONEPARANA,R-07,MUELLEE,SOJA,HAMBURG,2022-02-13,1900-01-01 00:00:00,2022-02-15,1900-01-01 10:37:00,5669.69,10.9,10,PENDIENTE,2 days 10:37:00,0.9000000000000004,0.40000000000000036
536,MOV-00622,B-004,COSCOTIGRE,R-04,MUELLEF,MINERALES,SAO PAULO,2021-07-10,1900-01-01 12:43:00,2021-07-13,1900-01-01 08:30:00,5363.36,10.8,10,DESPACHADO,2 days 19:47:00,0.8000000000000007,0.3000000000000007
537,MOV-00623,B-019,COSCOTIGRE,R-04,MUELLEE,MINERALES,SHANGHAI,2020-04-02,1900-01-01 11:20:00,2020-04-03,1900-01-01 15:54:00,,13.9,12,RECHAZADO,1 days 04:34:00,1.9000000000000004,1.299999999999999
538,MOV-00624,B-014,PILOESTE,R-06,MUELLED,MINERALES,SHANGHAI,2020-02-07,1900-01-01 08:10:00,2020-02-09,1900-01-01 16:01:00,7011.49,14.0,10,PENDIENTE,2 days 07:51:00,4.0,3.5
539,MOV-00625,B-003,PILOESTE,R-08,MUELLEB,SOJA,MONTEVIDEO,2024-06-22,1900-01-01 19:49:00,2024-06-23,1900-01-01 13:31:00,3622.27,12.2,10,RECHAZADO,0 days 17:42:00,2.1999999999999993,1.6999999999999993
543,MOV-00631,B-023,ONEPARANA,R-05,MUELLEF,CONTENEDORES,SHANGHAI,2020-03-17,1900-01-01 07:00:00,2020-03-17,1900-01-01 03:45:00,3430.69,12.7,10,EN_REVISION,,2.6999999999999993,2.1999999999999993
547,MOV-00637,B-011,HAPAGRIO,R-03,MUELLEC,GRANOS,SHANGHAI,2024-08-29,1900-01-01 08:42:00,2024-08-31,1900-01-01 04:31:00,2712.13,14.3,12,DESPACHADO,1 days 19:49:00,2.3000000000000007,1.6999999999999993
548,MOV-00638,B-029,CMAROSARIO,R-08,MUELLEF,MAIZ,SHANGHAI,2024-07-01,1900-01-01 18:50:00,2024-07-03,1900-01-01 17:21:00,5446.59,14.4,10,DESPACHADO,1 days 22:31:00,4.4,3.9000000000000004
550,MOV-00640,B-025,PILSANTA,R-04,MUELLEB,MINERALES,MONTEVIDEO,2020-10-22,1900-01-01 03:24:00,2020-10-23,1900-01-01 17:37:00,7345.88,12.8,10,PENDIENTE,1 days 14:13:00,2.8000000000000007,2.3000000000000007
555,MOV-00646,B-035,ONEPARANA,R-02,MUELLEC,MINERALES,BUENOS AIRES,2024-08-17,1900-01-01 13:37:00,2024-08-19,1900-01-01 16:38:00,3369.33,12.7,10,DESPACHADO,2 days 03:01:00,2.6999999999999993,2.1999999999999993
558,MOV-00649,B-039,CMAROSARIO,R-02,MUELLEF,TRIGO,SHANGHAI,2022-12-18,1900-01-01 15:20:00,2022-12-18,1900-01-01 00:00:00,3423.65,13.0,10,PENDIENTE,,3.0,2.5
562,MOV-00653,B-033,COSCOTIGRE,R-01,MUELLEC,MAIZ,BUENOS AIRES,2020-03-21,1900-01-01 12:25:00,2020-03-23,1900-01-01 22:52:00,5338.36,13.4,12,DESPACHADO,2 days 10:27:00,1.4000000000000004,0.7999999999999989
563,MOV-00654,B-035,ZIMNORTE,R-04,MUELLEE,MINERALES,VALPARAISO,2020-01-30,1900-01-01 04:59:00,2020-02-01,1900-01-01 05:28:00,,11.0,10,DESPACHADO,2 days 00:29:00,1.0,0.5
566,MOV-00659,B-004,ONEPLATA,R-01,MUELLEC,HARINA,BUENOS AIRES,2021-04-16,1900-01-01 11:40:00,2021-04-17,1900-01-01 10:18:00,4025.69,12.8,12,EN_REVISION,0 days 22:38:00,0.8000000000000007,0.1999999999999993
567,MOV-00660,B-022,ZIMDELTA,,MUELLEE,GRANOS,SAO PAULO,2024-11-24,1900-01-01 02:44:00,2024-11-25,1900-01-01 19:46:00,5595.41,13.5,10,PENDIENTE,1 days 17:02:00,3.5,3.0
568,MOV-00661,B-021,COSCOSTAR,R-06,MUELLEB,SOJA,HAMBURG,2021-11-01,1900-01-01 23:14:00,2021-11-04,1900-01-01 19:17:00,3097.93,15.1,10,EN_REVISION,2 days 20:03:00,5.1,4.6
570,MOV-00663,B-019,COSCOTIGRE,R-05,MUELLEF,HARINA,HAMBURG,2024-08-14,1900-01-01 15:21:00,2024-08-16,1900-01-01 01:02:00,3575.34,13.5,12,EN_REVISION,1 days 09:41:00,1.5,0.8999999999999986
577,MOV-00670,B-001,CMAROSARIO,R-08,MUELLEB,GRANOS,VALPARAISO,2024-10-21,1900-01-01 16:55:00,2024-10-22,1900-01-01 00:41:00,4182.22,12.2,10,PENDIENTE,0 days 07:46:00,2.1999999999999993,1.6999999999999993
579,MOV-00673,B-026,CMAROSARIO,R-06,MUELLEC,MAIZ,SANTA FE,2020-06-23,1900-01-01 00:00:00,2020-06-25,1900-01-01 02:22:00,7118.7,14.4,10,EN_REVISION,2 days 02:22:00,4.4,3.9000000000000004
581,MOV-00677,B-017,MSCALPHA,R-05,MUELLEF,CONTENEDORES,BUENOS AIRES,2022-08-28,1900-01-01 00:29:00,2022-08-29,1900-01-01 18:04:00,5556.49,13.2,10,RECHAZADO,1 days 17:35:00,3.1999999999999993,2.6999999999999993
584,MOV-00682,B-038,MAERSKLIMA,R-01,MUELLEA,SOJA,BUENOS AIRES,2023-04-02,1900-01-01 02:24:00,2023-04-03,1900-01-01 02:38:00,6573.54,15.7,10,EN_REVISION,1 days 00:14:00,5.699999999999999,5.199999999999999
586,MOV-00684,B-002,ONEPARANA,R-05,MUELLEF,GRANOS,BUENOS AIRES,2022-04-25,1900-01-01 13:01:00,2022-04-28,1900-01-01 17:22:00,5586.76,16.9,12,EN_REVISION,3 days 04:21:00,4.899999999999999,4.299999999999997
593,MOV-00692,B-012,COSCOSTAR,R-03,MUELLEC,HARINA,SAO PAULO,2024-11-02,1900-01-01 00:07:00,2024-11-04,1900-01-01 17:40:00,6679.2,14.4,10,EN_REVISION,2 days 17:33:00,4.4,3.9000000000000004
599,MOV-00700,B-003,YANGESTE,R-08,MUELLEB,TRIGO,ROTTERDAM,2024-04-02,1900-01-01 23:53:00,2024-04-05,1900-01-01 06:49:00,6202.11,16.3,12,DESPACHADO,2 days 06:56:00,4.300000000000001,3.6999999999999993
600,MOV-00701,B-031,EVERGLORY,R-04,MUELLEA,MINERALES,SHANGHAI,2024-12-24,1900-01-01 14:18:00,2024-12-25,1900-01-01 14:17:00,6461.58,11.5,10,EN_REVISION,0 days 23:59:00,1.5,1.0
603,MOV-00704,B-039,CMALITORAL,R-08,MUELLEF,ACEITE,SHANGHAI,2023-12-13,1900-01-01 00:15:00,2023-12-15,1900-01-01 10:14:00,6268.7,16.9,15,EN_REVISION,2 days 09:59:00,1.8999999999999986,1.1499999999999986
607,MOV-00709,B-028,YANGMING,R-01,MUELLED,MINERALES,SHANGHAI,2023-01-22,1900-01-01 00:42:00,2023-01-22,1900-01-01 00:00:00,5143.23,11.5,10,RECHAZADO,,1.5,1.0
608,MOV-00710,B-013,ZIMDELTA,R-04,MUELLEB,GRANOS,MONTEVIDEO,2023-08-28,1900-01-01 10:22:00,2023-08-28,1900-01-01 02:24:00,4783.57,12.7,12,PENDIENTE,,0.6999999999999993,0.09999999999999787
610,MOV-00712,B-032,COSCOTIGRE,R-04,MUELLEA,MINERALES,HAMBURG,2020-01-31,1900-01-01 12:11:00,2020-02-02,1900-01-01 03:57:00,4176.01,10.7,10,EN_REVISION,1 days 15:46:00,0.6999999999999993,0.1999999999999993
615,MOV-00719,B-030,HAPAGSUR,R-01,MUELLEC,CONTENEDORES,VALPARAISO,2024-08-28,1900-01-01 00:00:00,2024-08-30,1900-01-01 00:00:00,6399.0,14.9,12,RECHAZADO,2 days 00:00:00,2.9000000000000004,2.299999999999999
616,MOV-00720,B-013,MAERSKPAMPAS,R-02,MUELLEA,HARINA,VALPARAISO,2024-01-05,1900-01-01 03:24:00,2024-01-07,1900-01-01 23:02:00,5988.46,11.4,10,DESPACHADO,2 days 19:38:00,1.4000000000000004,0.9000000000000004
617,MOV-00721,B-003,PILSANTA,R-07,MUELLEA,MINERALES,SHANGHAI,2020-06-26,1900-01-01 15:39:00,2020-06-27,1900-01-01 10:11:00,6227.19,14.2,10,EN_REVISION,0 days 18:32:00,4.199999999999999,3.6999999999999993
619,MOV-00723,B-021,PILOESTE,R-01,MUELLEA,TRIGO,HAMBURG,2022-09-27,1900-01-01 20:40:00,2022-09-30,1900-01-01 09:41:00,4905.74,15.2,12,DESPACHADO,2 days 13:01:00,3.1999999999999993,2.599999999999998
623,MOV-00727,B-036,MAERSKPAMPAS,R-02,MUELLEE,CONTENEDORES,HAMBURG,2024-04-10,1900-01-01 02:25:00,1900-01-01,1900-01-01 22:37:00,4319.91,13.1,10,DESPACHADO,,3.0999999999999996,2.5999999999999996
627,MOV-00732,B-035,MSCGENOVA,R-07,MUELLEE,SOJA,ROTTERDAM,2020-09-28,1900-01-01 00:35:00,2020-09-28,1900-01-01 19:23:00,5642.44,15.0,12,DESPACHADO,0 days 18:48:00,3.0,2.3999999999999986
629,MOV-00735,B-032,ZIMDELTA,R-06,MUELLEC,CONTENEDORES,ROTTERDAM,2022-05-26,1900-01-01 01:24:00,2022-05-28,1900-01-01 13:17:00,8053.38,12.0,10,PENDIENTE,2 days 11:53:00,2.0,1.5
636,MOV-00742,B-032,MAERSKPAMPAS,R-01,MUELLED,CONTENEDORES,MONTEVIDEO,2023-11-17,1900-01-01 15:26:00,2023-11-19,1900-01-01 00:00:00,4823.77,13.0,10,PENDIENTE,1 days 08:34:00,3.0,2.5
640,MOV-00747,B-001,HAPAGSUR,R-08,MUELLEC,ACEITE,VALPARAISO,2024-11-03,1900-01-01 17:43:00,2024-11-04,1900-01-01 23:09:00,3156.75,12.6,10,EN_REVISION,1 days 05:26:00,2.5999999999999996,2.0999999999999996
644,MOV-00751,B-022,COSCOTIGRE,,MUELLEB,MAIZ,SHANGHAI,2021-10-06,1900-01-01 22:26:00,2021-10-09,1900-01-01 09:06:00,6186.97,14.9,10,PENDIENTE,2 days 10:40:00,4.9,4.4
645,MOV-00752,B-005,EVERGREEN02,R-06,MUELLEA,SOJA,SHANGHAI,2023-10-23,1900-01-01 23:40:00,2023-10-24,1900-01-01 13:50:00,4810.76,11.0,10,PENDIENTE,0 days 14:10:00,1.0,0.5
649,MOV-00757,B-026,YANGMING,R-04,MUELLEB,MAIZ,MONTEVIDEO,2020-09-19,1900-01-01 15:28:00,2020-09-22,1900-01-01 15:53:00,6925.5,11.8,10,RECHAZADO,3 days 00:25:00,1.8000000000000007,1.3000000000000007
653,MOV-00761,B-011,CMAROSARIO,R-04,MUELLEE,HARINA,HAMBURG,2020-11-26,1900-01-01 10:25:00,2020-11-29,1900-01-01 05:06:00,6176.84,17.6,15,EN_REVISION,2 days 18:41:00,2.6000000000000014,1.8500000000000014
656,MOV-00764,B-027,ONEPLATA,R-03,MUELLEC,GRANOS,SHANGHAI,2020-08-06,1900-01-01 04:11:00,2020-08-07,1900-01-01 17:22:00,,13.4,12,DESPACHADO,1 days 13:11:00,1.4000000000000004,0.7999999999999989
660,MOV-00770,B-024,MSCALPHA,R-05,MUELLED,GRANOS,ROTTERDAM,2021-03-26,1900-01-01 20:30:00,2021-03-27,1900-01-01 03:33:00,5120.67,15.3,10,PENDIENTE,0 days 07:03:00,5.300000000000001,4.800000000000001
663,MOV-00774,B-027,HAPAGSUR,R-06,MUELLED,CONTENEDORES,SAO PAULO,2024-06-27,1900-01-01 15:28:00,2024-06-29,1900-01-01 20:00:00,4031.66,15.9,10,PENDIENTE,2 days 04:32:00,5.9,5.4
664,MOV-00775,B-015,ONEPLATA,R-05,MUELLEF,HARINA,VALPARAISO,2021-03-04,1900-01-01 03:04:00,2021-03-05,1900-01-01 14:14:00,3725.69,19.9,15,DESPACHADO,1 days 11:10:00,4.899999999999999,4.149999999999999
665,MOV-00776,B-039,COSCOSTAR,R-01,MUELLEE,MINERALES,HAMBURG,2021-04-20,1900-01-01 20:19:00,2021-04-22,1900-01-01 00:17:00,2627.11,10.6,10,RECHAZADO,1 days 03:58:00,0.5999999999999996,0.09999999999999964
673,MOV-00785,B-021,COSCOSTAR,R-02,MUELLEC,TRIGO,ROTTERDAM,2024-06-26,1900-01-01 00:31:00,2024-06-26,1900-01-01 15:10:00,4283.04,11.6,10,RECHAZADO,0 days 14:39:00,1.5999999999999996,1.0999999999999996
674,MOV-00786,B-005,EVERGREEN02,R-05,MUELLEB,TRIGO,SANTA FE,2021-01-13,1900-01-01 16:27:00,2021-01-15,1900-01-01 03:07:00,5750.18,12.4,10,RECHAZADO,1 days 10:40:00,2.4000000000000004,1.9000000000000004
676,MOV-00788,B-014,ZIMDELTA,R-02,MUELLEB,TRIGO,MONTEVIDEO,2024-06-19,1900-01-01 06:10:00,2024-06-20,1900-01-01 16:32:00,,14.7,10,EN_REVISION,1 days 10:22:00,4.699999999999999,4.199999999999999
680,MOV-00795,B-016,PILOESTE,R-05,MUELLEF,GRANOS,BUENOS AIRES,2021-03-17,1900-01-01 15:58:00,2021-03-20,1900-01-01 00:00:00,5141.19,14.4,12,PENDIENTE,2 days 08:02:00,2.4000000000000004,1.799999999999999
685,MOV-00801,B-012,CMALITORAL,,MUELLED,MAIZ,ROTTERDAM,2022-01-21,1900-01-01 00:16:00,2022-01-23,1900-01-01 03:38:00,6169.43,15.2,12,RECHAZADO,2 days 03:22:00,3.1999999999999993,2.599999999999998
687,MOV-00803,B-013,EVERGREEN02,R-05,MUELLEA,GRANOS,VALPARAISO,2022-07-15,1900-01-01 19:51:00,2022-07-16,1900-01-01 02:08:00,6942.07,13.2,12,DESPACHADO,0 days 06:17:00,1.1999999999999993,0.5999999999999979
693,MOV-00810,B-029,HAPAGRIO,R-02,MUELLED,HARINA,MONTEVIDEO,2022-04-14,1900-01-01 14:34:00,2022-04-15,1900-01-01 12:28:00,,11.4,10,PENDIENTE,0 days 21:54:00,1.4000000000000004,0.9000000000000004
694,MOV-00811,B-020,ZIMNORTE,R-06,MUELLEA,MAIZ,MONTEVIDEO,2020-08-05,1900-01-01 00:00:00,2020-08-07,1900-01-01 00:40:00,3442.13,14.2,10,DESPACHADO,2 days 00:40:00,4.199999999999999,3.6999999999999993
701,MOV-00819,B-023,HAPAGSUR,R-08,MUELLEB,ACEITE,BUENOS AIRES,2021-02-20,1900-01-01 07:41:00,2021-02-23,1900-01-01 22:15:00,4874.48,11.1,10,EN_REVISION,3 days 14:34:00,1.0999999999999996,0.5999999999999996
704,MOV-00822,B-006,PILOESTE,R-04,MUELLEC,GRANOS,SANTA FE,2020-08-12,1900-01-01 15:22:00,2020-08-15,1900-01-01 06:01:00,5837.64,13.7,12,DESPACHADO,2 days 14:39:00,1.6999999999999993,1.0999999999999979
707,MOV-00825,B-024,ONEPARANA,R-05,MUELLEC,SOJA,SHANGHAI,2022-01-26,1900-01-01 07:23:00,2022-01-27,1900-01-01 23:29:00,4125.54,16.2,15,RECHAZADO,1 days 16:06:00,1.1999999999999993,0.4499999999999993
711,MOV-00830,B-032,PILOESTE,R-02,MUELLEA,ACEITE,SANTA FE,2022-05-08,1900-01-01 00:01:00,2022-05-10,1900-01-01 00:11:00,6161.38,12.8,10,DESPACHADO,2 days 00:10:00,2.8000000000000007,2.3000000000000007
714,MOV-00833,B-013,ZIMDELTA,R-06,MUELLED,TRIGO,ROTTERDAM,2020-04-26,1900-01-01 23:02:00,2020-04-27,1900-01-01 15:09:00,5196.71,10.8,10,PENDIENTE,0 days 16:07:00,0.8000000000000007,0.3000000000000007
716,MOV-00836,B-007,COSCOTIGRE,R-08,MUELLED,MINERALES,BUENOS AIRES,2023-09-09,1900-01-01 00:00:00,2023-09-10,1900-01-01 16:33:00,2598.84,12.8,10,RECHAZADO,1 days 16:33:00,2.8000000000000007,2.3000000000000007
717,MOV-00837,B-033,MSCGENOVA,R-04,MUELLED,CONTENEDORES,BUENOS AIRES,1900-01-01,1900-01-01 20:38:00,2023-02-04,1900-01-01 10:26:00,6061.36,11.8,10,RECHAZADO,,1.8000000000000007,1.3000000000000007
723,MOV-00847,B-030,EVERGLORY,R-07,MUELLEB,MINERALES,MONTEVIDEO,2021-05-27,1900-01-01 12:06:00,2021-05-28,1900-01-01 07:35:00,4308.5,13.0,12,DESPACHADO,0 days 19:29:00,1.0,0.3999999999999986
724,MOV-00848,B-011,MSCGENOVA,R-01,MUELLED,TRIGO,BUENOS AIRES,2023-06-20,1900-01-01 19:21:00,2023-06-21,1900-01-01 19:33:00,5126.51,17.3,10,RECHAZADO,1 days 00:12:00,7.300000000000001,6.800000000000001
725,MOV-00851,B-029,ONEPARANA,R-03,MUELLEE,SOJA,ROTTERDAM,2024-02-06,1900-01-01 16:31:00,2024-02-08,1900-01-01 10:35:00,4802.02,10.9,10,PENDIENTE,1 days 18:04:00,0.9000000000000004,0.40000000000000036
727,MOV-00856,B-027,YANGESTE,R-08,MUELLEB,CONTENEDORES,SHANGHAI,2022-07-17,1900-01-01 13:31:00,2022-07-18,1900-01-01 21:33:00,4544.43,12.9,10,EN_REVISION,1 days 08:02:00,2.9000000000000004,2.4000000000000004
728,MOV-00857,B-002,EVERGREEN02,R-06,MUELLED,TRIGO,HAMBURG,2022-09-05,1900-01-01 23:18:00,2022-09-06,1900-01-01 16:58:00,5778.16,17.5,15,DESPACHADO,0 days 17:40:00,2.5,1.75
731,MOV-00861,B-032,MAERSKLIMA,R-02,MUELLEC,CONTENEDORES,SHANGHAI,2023-06-23,1900-01-01 17:42:00,2023-06-24,1900-01-01 23:46:00,3787.41,15.9,15,RECHAZADO,1 days 06:04:00,0.9000000000000004,0.15000000000000036
735,MOV-00865,B-013,COSCOTIGRE,R-01,MUELLEA,CONTENEDORES,SAO PAULO,2024-01-21,1900-01-01 17:16:00,2024-01-23,1900-01-01 15:44:00,4658.49,13.1,10,EN_REVISION,1 days 22:28:00,3.0999999999999996,2.5999999999999996
739,MOV-00870,B-035,ONEPARANA,R-01,MUELLEE,TRIGO,VALPARAISO,2021-08-25,1900-01-01 00:24:00,2021-08-27,1900-01-01 23:28:00,4677.89,16.2,10,PENDIENTE,2 days 23:04:00,6.199999999999999,5.699999999999999
741,MOV-00872,B-001,ZIMDELTA,R-07,MUELLEE,CONTENEDORES,VALPARAISO,2022-04-09,1900-01-01 10:02:00,1900-01-01,1900-01-01 20:53:00,5409.17,15.9,12,EN_REVISION,,3.9000000000000004,3.299999999999999
744,MOV-00877,B-034,COSCOTIGRE,R-08,MUELLEA,TRIGO,ROTTERDAM,2024-03-10,1900-01-01 13:13:00,2024-03-12,1900-01-01 05:44:00,4663.82,12.5,10,EN_REVISION,1 days 16:31:00,2.5,2.0
748,MOV-00881,B-001,EVERGLORY,R-05,MUELLED,GRANOS,BUENOS AIRES,2023-04-12,1900-01-01 21:23:00,2023-04-15,1900-01-01 03:51:00,5837.64,12.8,12,DESPACHADO,2 days 06:28:00,0.8000000000000007,0.1999999999999993
752,MOV-00885,B-024,COSCOSTAR,R-04,MUELLEA,MAIZ,SHANGHAI,2024-04-30,1900-01-01 10:34:00,2024-05-01,1900-01-01 20:14:00,5864.55,18.1,12,EN_REVISION,1 days 09:40:00,6.100000000000001,5.5
753,MOV-00886,B-011,ZIMNORTE,R-07,MUELLEC,ACEITE,BUENOS AIRES,2021-03-16,1900-01-01 17:13:00,2021-03-17,1900-01-01 00:38:00,3040.12,13.2,10,RECHAZADO,0 days 07:25:00,3.1999999999999993,2.6999999999999993
758,MOV-00892,B-012,PILSANTA,R-01,MUELLED,ACEITE,VALPARAISO,1900-01-01,1900-01-01 19:21:00,2023-11-20,1900-01-01 19:54:00,4747.34,19.4,12,RECHAZADO,,7.399999999999999,6.799999999999997
760,MOV-00894,B-029,COSCOSTAR,R-01,MUELLEB,GRANOS,SAO PAULO,2024-10-20,1900-01-01 16:37:00,2024-10-22,1900-01-01 02:17:00,6387.41,15.3,12,EN_REVISION,1 days 09:40:00,3.3000000000000007,2.6999999999999993
761,MOV-00895,B-027,HAPAGSUR,R-04,MUELLEF,GRANOS,SHANGHAI,2020-01-17,1900-01-01 17:16:00,2020-01-20,1900-01-01 00:00:00,6363.93,15.5,12,PENDIENTE,2 days 06:44:00,3.5,2.8999999999999986
764,MOV-00898,B-008,YANGESTE,R-08,MUELLED,HARINA,SHANGHAI,2020-05-27,1900-01-01 11:49:00,2020-05-29,1900-01-01 10:41:00,4860.03,15.0,12,PENDIENTE,1 days 22:52:00,3.0,2.3999999999999986
777,MOV-00912,B-024,ONEPARANA,R-03,MUELLEC,ACEITE,VALPARAISO,2024-06-20,1900-01-01 00:00:00,2024-06-22,1900-01-01 13:38:00,5513.86,11.3,10,EN_REVISION,2 days 13:38:00,1.3000000000000007,0.8000000000000007
778,MOV-00914,B-031,MAERSKPAMPAS,R-02,MUELLEE,TRIGO,HAMBURG,2022-09-16,1900-01-01 13:41:00,2022-09-19,1900-01-01 15:42:00,6005.7,15.2,10,RECHAZADO,3 days 02:01:00,5.199999999999999,4.699999999999999
779,MOV-00915,B-020,MSCALPHA,R-07,MUELLEC,CONTENEDORES,HAMBURG,1900-01-01,1900-01-01 10:45:00,2020-03-17,1900-01-01 05:08:00,6279.19,14.6,12,EN_REVISION,,2.5999999999999996,1.9999999999999982
782,MOV-00920,B-015,COSCOSTAR,R-08,MUELLEB,GRANOS,SAO PAULO,2024-03-12,1900-01-01 23:46:00,2024-03-15,1900-01-01 15:28:00,5699.56,15.5,12,PENDIENTE,2 days 15:42:00,3.5,2.8999999999999986
786,MOV-00925,B-009,YANGESTE,R-05,MUELLEA,MAIZ,SHANGHAI,2024-05-27,1900-01-01 12:55:00,2024-05-29,1900-01-01 04:14:00,2737.29,12.6,10,PENDIENTE,1 days 15:19:00,2.5999999999999996,2.0999999999999996
787,MOV-00926,B-001,MSCALPHA,R-04,MUELLED,CONTENEDORES,VALPARAISO,2023-02-15,1900-01-01 13:35:00,2023-02-18,1900-01-01 03:09:00,3572.99,16.0,12,PENDIENTE,2 days 13:34:00,4.0,3.3999999999999986
793,MOV-00934,B-004,MSCGENOVA,R-01,MUELLEE,HARINA,SANTA FE,2022-09-05,1900-01-01 13:08:00,2022-09-07,1900-01-01 02:36:00,4019.96,13.4,10,DESPACHADO,1 days 13:28:00,3.4000000000000004,2.9000000000000004
799,MOV-00941,B-017,COSCOSTAR,R-08,MUELLEA,ACEITE,HAMBURG,2022-06-04,1900-01-01 07:11:00,2022-06-07,1900-01-01 20:13:00,3160.82,17.7,12,EN_REVISION,3 days 13:02:00,5.699999999999999,5.099999999999998
801,MOV-00943,B-004,ONEPARANA,R-03,MUELLED,SOJA,SAO PAULO,2023-09-06,1900-01-01 03:24:00,2023-09-07,1900-01-01 03:04:00,,19.9,12,DESPACHADO,0 days 23:40:00,7.899999999999999,7.299999999999997
806,MOV-00949,B-025,CMAROSARIO,R-08,MUELLEF,TRIGO,SHANGHAI,2020-10-24,1900-01-01 10:09:00,2020-10-26,1900-01-01 00:00:00,2872.48,11.3,10,DESPACHADO,1 days 13:51:00,1.3000000000000007,0.8000000000000007
807,MOV-00950,B-003,PILSANTA,R-02,MUELLEE,MAIZ,SANTA FE,2023-12-24,1900-01-01 17:51:00,2023-12-25,1900-01-01 04:42:00,6103.83,13.3,10,EN_REVISION,0 days 10:51:00,3.3000000000000007,2.8000000000000007
809,MOV-00952,B-008,YANGESTE,R-04,MUELLEF,CONTENEDORES,SANTA FE,2024-11-23,1900-01-01 16:36:00,2024-11-24,1900-01-01 05:22:00,5807.37,13.2,10,RECHAZADO,0 days 12:46:00,3.1999999999999993,2.6999999999999993
813,MOV-00957,B-007,MSCGENOVA,R-01,MUELLED,MINERALES,SANTA FE,2023-09-01,1900-01-01 15:20:00,2023-09-03,1900-01-01 15:10:00,,14.5,10,DESPACHADO,1 days 23:50:00,4.5,4.0
817,MOV-00962,B-010,EVERGREEN02,R-06,MUELLEB,GRANOS,SHANGHAI,2020-01-15,1900-01-01 01:42:00,2020-01-15,1900-01-01 22:14:00,4463.38,10.7,10,DESPACHADO,0 days 20:32:00,0.6999999999999993,0.1999999999999993
824,MOV-00969,B-036,YANGMING,R-03,MUELLEB,TRIGO,SANTA FE,2020-03-06,1900-01-01 23:32:00,2020-03-07,1900-01-01 07:01:00,3904.63,11.2,10,DESPACHADO,0 days 07:29:00,1.1999999999999993,0.6999999999999993
827,MOV-00973,B-022,ZIMNORTE,R-01,MUELLEA,ACEITE,BUENOS AIRES,2024-08-27,1900-01-01 22:10:00,2024-08-30,1900-01-01 17:01:00,4444.08,12.9,12,RECHAZADO,2 days 18:51:00,0.9000000000000004,0.29999999999999893
834,MOV-00981,B-024,ONEPLATA,R-06,MUELLED,TRIGO,HAMBURG,2020-05-27,1900-01-01 12:30:00,2020-05-30,1900-01-01 09:53:00,1958.1,16.4,15,EN_REVISION,2 days 21:23:00,1.3999999999999986,0.6499999999999986
836,MOV-00983,B-022,MAERSKLIMA,R-05,MUELLEE,MINERALES,MONTEVIDEO,2020-09-19,1900-01-01 07:17:00,2020-09-22,1900-01-01 14:05:00,,11.4,10,EN_REVISION,3 days 06:48:00,1.4000000000000004,0.9000000000000004
840,MOV-00989,B-011,MAERSKPAMPAS,R-01,MUELLEC,HARINA,ROTTERDAM,2024-02-25,1900-01-01 08:31:00,2024-02-27,1900-01-01 10:35:00,3950.28,15.0,10,RECHAZADO,2 days 02:04:00,5.0,4.5
841,MOV-00990,B-031,HAPAGSUR,R-05,MUELLEA,MINERALES,SANTA FE,2024-05-07,1900-01-01 01:27:00,2024-05-07,1900-01-01 00:00:00,3814.45,13.7,12,EN_REVISION,,1.6999999999999993,1.0999999999999979
845,MOV-00994,B-037,HAPAGSUR,R-03,MUELLEF,TRIGO,MONTEVIDEO,2023-06-23,1900-01-01 15:23:00,2023-06-26,1900-01-01 08:37:00,8161.82,16.5,10,DESPACHADO,2 days 17:14:00,6.5,6.0
846,MOV-00995,B-017,HAPAGRIO,R-01,MUELLEC,SOJA,ROTTERDAM,2022-06-21,1900-01-01 09:02:00,2022-06-23,1900-01-01 06:05:00,6580.17,15.4,10,EN_REVISION,1 days 21:03:00,5.4,4.9
847,MOV-00996,B-001,ONEPLATA,R-06,MUELLEC,MINERALES,BUENOS AIRES,2022-12-02,1900-01-01 09:39:00,2022-12-04,1900-01-01 18:08:00,4444.96,16.2,12,RECHAZADO,2 days 08:29:00,4.199999999999999,3.599999999999998
848,MOV-00997,B-012,PILSANTA,R-06,MUELLEB,ACEITE,MONTEVIDEO,2020-07-04,1900-01-01 22:03:00,2020-07-07,1900-01-01 07:09:00,4951.59,10.6,10,RECHAZADO,2 days 09:06:00,0.5999999999999996,0.09999999999999964
849,MOV-00998,B-030,ONEPARANA,R-05,MUELLEF,GRANOS,SANTA FE,2020-11-13,1900-01-01 11:39:00,2020-11-16,1900-01-01 02:00:00,6421.14,16.8,12,PENDIENTE,2 days 14:21:00,4.800000000000001,4.199999999999999
850,MOV-00999,B-017,YANGESTE,R-05,MUELLED,HARINA,ROTTERDAM,2020-07-31,1900-01-01 15:46:00,2020-08-02,1900-01-01 13:21:00,4559.67,15.8,12,DESPACHADO,1 days 21:35:00,3.8000000000000007,3.1999999999999993
851,MOV-01000,B-034,YANGESTE,R-08,MUELLEE,MINERALES,HAMBURG,2024-12-14,1900-01-01 14:48:00,2024-12-16,1900-01-01 18:04:00,,14.6,12,EN_REVISION,2 days 03:16:00,2.5999999999999996,1.9999999999999982
853,MOV-01002,B-017,ONEPLATA,R-01,MUELLEC,TRIGO,BUENOS AIRES,2023-07-25,1900-01-01 09:15:00,2023-07-26,1900-01-01 00:49:00,6833.54,13.0,12,RECHAZADO,0 days 15:34:00,1.0,0.3999999999999986
854,MOV-01003,B-009,COSCOSTAR,R-04,MUELLEE,GRANOS,HAMBURG,2022-03-20,1900-01-01 13:04:00,2022-03-22,1900-01-01 00:00:00,3700.93,10.8,10,PENDIENTE,1 days 10:56:00,0.8000000000000007,0.3000000000000007
855,MOV-01004,B-034,ZIMNORTE,R-07,MUELLED,GRANOS,SHANGHAI,2022-12-13,1900-01-01 09:11:00,2022-12-16,1900-01-01 22:53:00,2908.46,16.3,15,EN_REVISION,3 days 13:42:00,1.3000000000000007,0.5500000000000007
857,MOV-01007,B-015,CMAROSARIO,R-03,MUELLEE,ACEITE,HAMBURG,2020-03-26,1900-01-01 23:09:00,2020-03-28,1900-01-01 05:48:00,4727.22,13.7,12,DESPACHADO,1 days 06:39:00,1.6999999999999993,1.0999999999999979
860,MOV-01010,B-015,ZIMDELTA,R-06,MUELLED,GRANOS,SHANGHAI,2022-01-19,1900-01-01 06:13:00,2022-01-21,1900-01-01 00:00:00,6744.39,13.1,10,DESPACHADO,1 days 17:47:00,3.0999999999999996,2.5999999999999996
865,MOV-01015,B-030,MAERSKPAMPAS,R-07,MUELLEA,MAIZ,HAMBURG,2020-11-04,1900-01-01 00:49:00,2020-11-05,1900-01-01 01:55:00,4842.18,13.5,10,PENDIENTE,1 days 01:06:00,3.5,3.0
866,MOV-01016,B-020,EVERGREEN02,R-03,MUELLEB,SOJA,BUENOS AIRES,2021-01-28,1900-01-01 10:25:00,2021-01-29,1900-01-01 01:51:00,4544.04,11.9,10,DESPACHADO,0 days 15:26:00,1.9000000000000004,1.4000000000000004
867,MOV-01017,B-040,MAERSKLIMA,R-08,MUELLEC,GRANOS,SHANGHAI,2020-02-16,1900-01-01 07:17:00,2020-02-17,1900-01-01 07:27:00,6464.22,15.1,10,DESPACHADO,1 days 00:10:00,5.1,4.6
872,MOV-01024,B-021,PILSANTA,R-06,MUELLEE,ACEITE,ROTTERDAM,2024-10-09,1900-01-01 02:05:00,2024-10-11,1900-01-01 00:00:00,5855.41,12.4,10,RECHAZADO,1 days 21:55:00,2.4000000000000004,1.9000000000000004
873,MOV-01025,B-015,ZIMNORTE,R-06,MUELLEF,GRANOS,SHANGHAI,2021-06-13,1900-01-01 00:49:00,2021-06-13,1900-01-01 07:51:00,7100.77,12.7,10,RECHAZADO,0 days 07:02:00,2.6999999999999993,2.1999999999999993
878,MOV-01030,B-032,PILOESTE,R-02,MUELLEA,CONTENEDORES,BUENOS AIRES,2022-02-20,1900-01-01 22:41:00,2022-02-21,1900-01-01 06:08:00,4619.32,14.9,12,DESPACHADO,0 days 07:27:00,2.9000000000000004,2.299999999999999
879,MOV-01032,B-035,MAERSKPAMPAS,R-06,MUELLEF,TRIGO,SAO PAULO,2024-04-01,1900-01-01 00:00:00,2024-04-02,1900-01-01 13:38:00,3807.48,12.8,12,EN_REVISION,1 days 13:38:00,0.8000000000000007,0.1999999999999993
884,MOV-01037,B-004,MSCGENOVA,R-05,MUELLEB,TRIGO,VALPARAISO,2021-02-08,1900-01-01 06:14:00,2021-02-09,1900-01-01 04:33:00,5368.34,15.1,12,DESPACHADO,0 days 22:19:00,3.0999999999999996,2.4999999999999982
885,MOV-01038,B-024,MAERSKLIMA,R-08,MUELLED,CONTENEDORES,SANTA FE,2021-09-21,1900-01-01 09:46:00,2021-09-22,1900-01-01 14:15:00,4343.42,17.5,12,RECHAZADO,1 days 04:29:00,5.5,4.899999999999999
889,MOV-01044,B-032,ONEPARANA,R-04,MUELLEE,MINERALES,SANTA FE,2023-09-12,1900-01-01 10:24:00,2023-09-14,1900-01-01 07:20:00,6958.44,17.3,10,EN_REVISION,1 days 20:56:00,7.300000000000001,6.800000000000001
890,MOV-01045,B-021,YANGESTE,R-04,MUELLEE,GRANOS,ROTTERDAM,2020-04-02,1900-01-01 16:55:00,2020-04-04,1900-01-01 15:08:00,4991.95,11.0,10,PENDIENTE,1 days 22:13:00,1.0,0.5
896,MOV-01053,B-028,MSCGENOVA,R-02,MUELLED,HARINA,BUENOS AIRES,2024-09-15,1900-01-01 01:56:00,2024-09-15,1900-01-01 09:08:00,,17.0,12,DESPACHADO,0 days 07:12:00,5.0,4.399999999999999
897,MOV-01054,B-033,EVERGLORY,R-07,MUELLEB,MINERALES,VALPARAISO,2023-11-02,1900-01-01 19:40:00,2023-11-04,1900-01-01 23:13:00,3706.02,14.4,10,EN_REVISION,2 days 03:33:00,4.4,3.9000000000000004
898,MOV-01055,B-035,YANGMING,R-08,MUELLED,CONTENEDORES,BUENOS AIRES,2022-10-11,1900-01-01 04:33:00,2022-10-13,1900-01-01 17:46:00,5181.55,13.3,12,EN_REVISION,2 days 13:13:00,1.3000000000000007,0.6999999999999993
899,MOV-01056,B-035,COSCOTIGRE,R-07,MUELLEA,TRIGO,VALPARAISO,2023-05-02,1900-01-01 20:50:00,2023-05-05,1900-01-01 20:09:00,4640.71,19.1,15,PENDIENTE,2 days 23:19:00,4.100000000000001,3.3500000000000014
901,MOV-01058,B-022,YANGESTE,R-04,MUELLEC,MAIZ,SAO PAULO,2020-01-14,1900-01-01 19:05:00,2020-01-15,1900-01-01 11:00:00,6333.8,15.4,10,PENDIENTE,0 days 15:55:00,5.4,4.9
902,MOV-01059,B-013,CMALITORAL,R-08,MUELLEE,MAIZ,VALPARAISO,2022-05-24,1900-01-01 16:09:00,2022-05-26,1900-01-01 05:01:00,5021.5,10.6,10,DESPACHADO,1 days 12:52:00,0.5999999999999996,0.09999999999999964
904,MOV-01061,B-002,MSCALPHA,R-01,MUELLEB,HARINA,SHANGHAI,2022-11-12,1900-01-01 15:10:00,2022-11-12,1900-01-01 13:02:00,5240.64,16.9,10,EN_REVISION,,6.899999999999999,6.399999999999999
909,MOV-01067,B-026,EVERGLORY,R-05,MUELLEE,ACEITE,SAO PAULO,2021-02-25,1900-01-01 10:33:00,2021-02-27,1900-01-01 10:50:00,5380.8,14.1,12,DESPACHADO,2 days 00:17:00,2.0999999999999996,1.4999999999999982
911,MOV-01070,B-015,YANGESTE,R-02,MUELLEC,HARINA,SANTA FE,2021-05-29,1900-01-01 00:00:00,1900-01-01,1900-01-01 14:56:00,4588.3,16.9,12,EN_REVISION,,4.899999999999999,4.299999999999997
917,MOV-01076,B-018,MSCGENOVA,R-08,MUELLEB,MINERALES,SAO PAULO,2021-12-21,1900-01-01 00:46:00,2021-12-23,1900-01-01 00:00:00,7398.82,10.8,10,DESPACHADO,1 days 23:14:00,0.8000000000000007,0.3000000000000007
922,MOV-01084,B-035,CMAROSARIO,R-01,MUELLEF,CONTENEDORES,MONTEVIDEO,2020-03-07,1900-01-01 18:15:00,2020-03-08,1900-01-01 13:01:00,4230.56,17.8,15,DESPACHADO,0 days 18:46:00,2.8000000000000007,2.0500000000000007
924,MOV-01086,B-037,MAERSKPAMPAS,R-06,MUELLEC,HARINA,HAMBURG,2024-08-15,1900-01-01 22:48:00,2024-08-17,1900-01-01 02:44:00,6712.93,15.2,10,RECHAZADO,1 days 03:56:00,5.199999999999999,4.699999999999999
928,MOV-01090,B-022,EVERGREEN02,R-07,MUELLEB,SOJA,ROTTERDAM,2022-09-17,1900-01-01 22:55:00,2022-09-20,1900-01-01 09:02:00,5614.22,17.1,15,PENDIENTE,2 days 10:07:00,2.1000000000000014,1.3500000000000014
932,MOV-01094,B-039,MSCALPHA,,MUELLEF,MINERALES,HAMBURG,2022-03-05,1900-01-01 16:28:00,2022-03-06,1900-01-01 16:55:00,4780.17,15.8,12,EN_REVISION,1 days 00:27:00,3.8000000000000007,3.1999999999999993
937,MOV-01101,B-030,MAERSKLIMA,R-05,MUELLED,TRIGO,MONTEVIDEO,2022-06-27,1900-01-01 09:15:00,2022-06-28,1900-01-01 04:04:00,4896.08,13.2,10,DESPACHADO,0 days 18:49:00,3.1999999999999993,2.6999999999999993
938,MOV-01102,B-004,ZIMDELTA,R-07,MUELLEF,MINERALES,SANTA FE,2020-01-16,1900-01-01 11:57:00,2020-01-18,1900-01-01 01:47:00,3999.93,12.7,10,PENDIENTE,1 days 13:50:00,2.6999999999999993,2.1999999999999993
943,MOV-01110,B-037,MAERSKLIMA,R-03,MUELLEB,GRANOS,SHANGHAI,2024-10-18,1900-01-01 23:53:00,2024-10-21,1900-01-01 10:40:00,6131.23,11.5,10,DESPACHADO,2 days 10:47:00,1.5,1.0
944,MOV-01111,B-032,PILSANTA,R-08,MUELLEC,MINERALES,HAMBURG,2023-09-27,1900-01-01 21:21:00,2023-09-29,1900-01-01 23:40:00,2561.03,18.2,15,PENDIENTE,2 days 02:19:00,3.1999999999999993,2.4499999999999993
949,MOV-01117,B-011,COSCOTIGRE,R-03,MUELLEC,ACEITE,SHANGHAI,2020-09-09,1900-01-01 07:21:00,2020-09-10,1900-01-01 22:33:00,4381.74,12.9,10,EN_REVISION,1 days 15:12:00,2.9000000000000004,2.4000000000000004
951,MOV-01119,B-028,PILSANTA,R-02,MUELLEE,ACEITE,VALPARAISO,2022-03-13,1900-01-01 11:46:00,2022-03-13,1900-01-01 19:31:00,5643.15,16.2,12,DESPACHADO,0 days 07:45:00,4.199999999999999,3.599999999999998
955,MOV-01123,B-016,HAPAGRIO,R-01,MUELLEB,ACEITE,SAO PAULO,1900-01-01,1900-01-01 01:52:00,2024-06-28,1900-01-01 01:46:00,5806.3,15.1,12,EN_REVISION,,3.0999999999999996,2.4999999999999982
961,MOV-01132,B-031,MSCGENOVA,R-04,MUELLEF,MAIZ,SANTA FE,2021-06-07,1900-01-01 06:46:00,2021-06-08,1900-01-01 04:43:00,5395.42,14.4,12,EN_REVISION,0 days 21:57:00,2.4000000000000004,1.799999999999999
963,MOV-01135,B-038,COSCOTIGRE,R-05,MUELLEF,GRANOS,SAO PAULO,2022-11-10,1900-01-01 10:39:00,2022-11-11,1900-01-01 04:46:00,4203.33,14.8,12,DESPACHADO,0 days 18:07:00,2.8000000000000007,2.1999999999999993
966,MOV-01141,B-022,ONEPARANA,R-07,MUELLEB,ACEITE,BUENOS AIRES,2021-06-12,1900-01-01 00:00:00,2021-06-12,1900-01-01 01:09:00,5128.97,13.1,12,PENDIENTE,0 days 01:09:00,1.0999999999999996,0.4999999999999982
973,MOV-01148,B-029,MAERSKLIMA,R-04,MUELLEB,MAIZ,VALPARAISO,2022-03-18,1900-01-01 21:58:00,2022-03-19,1900-01-01 11:09:00,5857.98,15.4,10,DESPACHADO,0 days 13:11:00,5.4,4.9
975,MOV-01150,B-013,CMAROSARIO,R-08,MUELLEE,TRIGO,ROTTERDAM,2020-03-25,1900-01-01 00:08:00,2020-03-27,1900-01-01 08:53:00,7654.71,15.6,10,PENDIENTE,2 days 08:45:00,5.6,5.1
978,MOV-01154,B-035,MAERSKPAMPAS,R-08,MUELLEF,ACEITE,HAMBURG,2023-04-18,1900-01-01 10:36:00,2023-04-19,1900-01-01 00:00:00,4191.98,15.2,10,EN_REVISION,0 days 13:24:00,5.199999999999999,4.699999999999999
980,MOV-01156,B-024,ZIMNORTE,R-06,MUELLED,HARINA,BUENOS AIRES,2022-07-26,1900-01-01 20:09:00,2022-07-29,1900-01-01 00:00:00,6627.78,13.5,12,DESPACHADO,2 days 03:51:00,1.5,0.8999999999999986
981,MOV-01157,B-034,CMAROSARIO,R-05,MUELLEB,MINERALES,SANTA FE,2023-07-10,1900-01-01 18:12:00,2023-07-12,1900-01-01 00:29:00,4070.5,12.9,12,EN_REVISION,1 days 06:17:00,0.9000000000000004,0.29999999999999893
984,MOV-01162,B-038,ONEPLATA,,MUELLEA,ACEITE,SANTA FE,2024-10-29,1900-01-01 04:42:00,2024-10-29,1900-01-01 16:28:00,2836.28,13.4,10,DESPACHADO,0 days 11:46:00,3.4000000000000004,2.9000000000000004
987,MOV-01165,B-020,MAERSKPAMPAS,R-07,MUELLEB,GRANOS,SAO PAULO,2020-04-23,1900-01-01 06:05:00,2020-04-24,1900-01-01 00:00:00,5159.21,10.8,10,PENDIENTE,0 days 17:55:00,0.8000000000000007,0.3000000000000007
988,MOV-01166,B-010,PILOESTE,R-07,MUELLEA,ACEITE,BUENOS AIRES,2021-12-10,1900-01-01 14:45:00,2021-12-13,1900-01-01 18:05:00,5577.54,15.8,12,EN_REVISION,3 days 03:20:00,3.8000000000000007,3.1999999999999993
989,MOV-01167,B-035,PILOESTE,R-06,MUELLEF,CONTENEDORES,VALPARAISO,2021-10-31,1900-01-01 21:24:00,2021-11-01,1900-01-01 18:23:00,3555.13,12.8,10,DESPACHADO,0 days 20:59:00,2.8000000000000007,2.3000000000000007
992,MOV-01170,B-035,COSCOSTAR,R-05,MUELLEA,TRIGO,SANTA FE,2024-03-29,1900-01-01 16:53:00,2024-03-31,1900-01-01 09:22:00,3873.0,18.6,15,RECHAZADO,1 days 16:29:00,3.6000000000000014,2.8500000000000014
993,MOV-01171,B-037,YANGESTE,R-08,MUELLEA,MAIZ,VALPARAISO,2020-06-25,1900-01-01 00:58:00,2020-06-25,1900-01-01 14:08:00,7750.98,12.2,10,EN_REVISION,0 days 13:10:00,2.1999999999999993,1.6999999999999993
998,MOV-01176,B-022,YANGMING,R-07,MUELLEC,CONTENEDORES,BUENOS AIRES,2023-09-01,1900-01-01 00:15:00,2023-09-02,1900-01-01 01:54:00,5888.26,15.8,12,RECHAZADO,1 days 01:39:00,3.8000000000000007,3.1999999999999993
999,MOV-01177,B-030,MSCALPHA,R-08,MUELLEB,ACEITE,BUENOS AIRES,2022-03-21,1900-01-01 18:43:00,2022-03-23,1900-01-01 00:00:00,6508.01,15.0,12,EN_REVISION,1 days 05:17:00,3.0,2.3999999999999986
1000,MOV-01178,B-017,CMAROSARIO,R-02,MUELLEA,MAIZ,MONTEVIDEO,2021-12-24,1900-01-01 15:58:00,2021-12-26,1900-01-01 14:34:00,,16.3,12,PENDIENTE,1 days 22:36:00,4.300000000000001,3.6999999999999993
1001,MOV-01179,B-010,MAERSKLIMA,R-01,MUELLEE,TRIGO,SHANGHAI,2023-05-26,1900-01-01 04:10:00,2023-05-28,1900-01-01 14:41:00,3745.37,19.7,10,PENDIENTE,2 days 10:31:00,9.7,9.2
1002,MOV-01180,B-014,YANGMING,R-08,MUELLED,MINERALES,SANTA FE,2021-09-28,1900-01-01 09:25:00,2021-09-30,1900-01-01 16:11:00,6227.97,11.0,10,DESPACHADO,2 days 06:46:00,1.0,0.5
1004,MOV-01182,B-017,PILSANTA,R-07,MUELLED,CONTENEDORES,BUENOS AIRES,2023-05-12,1900-01-01 23:47:00,2023-05-15,1900-01-01 11:43:00,3290.84,17.6,12,DESPACHADO,2 days 11:56:00,5.600000000000001,5.0
1009,MOV-01191,B-007,COSCOSTAR,R-03,MUELLEA,TRIGO,VALPARAISO,2022-12-29,1900-01-01 00:04:00,2022-12-29,1900-01-01 01:03:00,4290.01,12.9,12,DESPACHADO,0 days 00:59:00,0.9000000000000004,0.29999999999999893
1011,MOV-01193,B-038,MSCALPHA,R-03,MUELLEC,CONTENEDORES,SANTA FE,2022-07-10,1900-01-01 13:19:00,2022-07-12,1900-01-01 15:57:00,3452.63,12.4,10,DESPACHADO,2 days 02:38:00,2.4000000000000004,1.9000000000000004
1012,MOV-01194,B-013,CMAROSARIO,R-01,MUELLEE,ACEITE,MONTEVIDEO,2022-01-08,1900-01-01 22:32:00,2022-01-11,1900-01-01 11:45:00,,11.4,10,EN_REVISION,2 days 13:13:00,1.4000000000000004,0.9000000000000004
1015,MOV-01197,B-008,YANGMING,R-04,MUELLEC,HARINA,MONTEVIDEO,2024-12-26,1900-01-01 18:16:00,2024-12-28,1900-01-01 05:53:00,6190.05,13.6,12,DESPACHADO,1 days 11:37:00,1.5999999999999996,0.9999999999999982
1017,MOV-01200,B-027,MSCGENOVA,R-07,MUELLED,CONTENEDORES,BUENOS AIRES,2022-04-26,1900-01-01 07:47:00,2022-04-28,1900-01-01 07:36:00,3274.43,16.2,15,DESPACHADO,1 days 23:49:00,1.1999999999999993,0.4499999999999993
1018,MOV-01201,B-011,MSCALPHA,R-01,MUELLEB,TRIGO,BUENOS AIRES,2021-01-18,1900-01-01 15:10:00,2021-01-21,1900-01-01 04:03:00,7531.65,13.8,10,RECHAZADO,2 days 12:53:00,3.8000000000000007,3.3000000000000007
1019,MOV-01202,B-029,ONEPLATA,R-05,MUELLEB,GRANOS,SANTA FE,2020-10-06,1900-01-01 08:25:00,2020-10-06,1900-01-01 05:27:00,4783.15,14.4,12,DESPACHADO,,2.4000000000000004,1.799999999999999
1022,MOV-01205,B-009,PILSANTA,R-06,MUELLEE,HARINA,SANTA FE,2021-10-20,1900-01-01 12:23:00,2021-10-21,1900-01-01 09:36:00,6629.32,11.6,10,EN_REVISION,0 days 21:13:00,1.5999999999999996,1.0999999999999996
1025,MOV-01208,B-025,ZIMDELTA,R-06,MUELLEB,HARINA,ROTTERDAM,2020-12-09,1900-01-01 00:17:00,2020-12-09,1900-01-01 12:59:00,4266.47,16.4,15,DESPACHADO,0 days 12:42:00,1.3999999999999986,0.6499999999999986
1029,MOV-01212,B-008,YANGMING,R-05,MUELLEE,MINERALES,ROTTERDAM,2021-08-08,1900-01-01 17:15:00,2021-08-10,1900-01-01 00:00:00,7199.03,16.4,12,PENDIENTE,1 days 06:45:00,4.399999999999999,3.799999999999997
1036,MOV-01221,B-034,HAPAGRIO,R-08,MUELLEC,CONTENEDORES,SAO PAULO,2024-09-14,1900-01-01 13:05:00,2024-09-15,1900-01-01 17:58:00,6342.69,15.5,12,EN_REVISION,1 days 04:53:00,3.5,2.8999999999999986
1037,MOV-01222,B-005,MAERSKLIMA,R-02,MUELLEF,MAIZ,BUENOS AIRES,2023-07-29,1900-01-01 12:27:00,2023-07-31,1900-01-01 06:18:00,3376.9,12.4,10,RECHAZADO,1 days 17:51:00,2.4000000000000004,1.9000000000000004
1038,MOV-01223,B-039,PILSANTA,R-01,MUELLEB,MINERALES,SHANGHAI,2024-02-29,1900-01-01 03:42:00,2024-03-01,1900-01-01 06:56:00,3969.48,15.8,15,PENDIENTE,1 days 03:14:00,0.8000000000000007,0.05000000000000071
1043,MOV-01231,B-019,CMAROSARIO,R-05,MUELLEF,MAIZ,SHANGHAI,2023-09-05,1900-01-01 01:12:00,2023-09-07,1900-01-01 02:29:00,,16.7,15,DESPACHADO,2 days 01:17:00,1.6999999999999993,0.9499999999999993
1049,MOV-01238,B-013,ZIMNORTE,R-01,MUELLEF,TRIGO,MONTEVIDEO,2022-08-08,1900-01-01 02:24:00,2022-08-08,1900-01-01 19:37:00,6965.98,11.9,10,EN_REVISION,0 days 17:13:00,1.9000000000000004,1.4000000000000004
1052,MOV-01242,B-034,YANGESTE,R-05,MUELLED,MINERALES,SAO PAULO,2020-02-03,1900-01-01 17:18:00,2020-02-05,1900-01-01 00:00:00,5304.84,14.9,10,RECHAZADO,1 days 06:42:00,4.9,4.4
1054,MOV-01244,B-007,MSCGENOVA,R-05,MUELLEE,CONTENEDORES,BUENOS AIRES,2024-03-10,1900-01-01 00:00:00,2024-03-10,1900-01-01 20:22:00,2474.46,17.7,12,DESPACHADO,0 days 20:22:00,5.699999999999999,5.099999999999998
1055,MOV-01245,B-005,MSCGENOVA,,MUELLED,MINERALES,VALPARAISO,2024-10-03,1900-01-01 04:58:00,2024-10-03,1900-01-01 10:42:00,7432.37,11.5,10,EN_REVISION,0 days 05:44:00,1.5,1.0
1061,MOV-01251,B-025,COSCOTIGRE,R-07,MUELLEA,MINERALES,MONTEVIDEO,2024-10-09,1900-01-01 15:16:00,2024-10-10,1900-01-01 23:20:00,3475.79,15.0,12,PENDIENTE,1 days 08:04:00,3.0,2.3999999999999986
1062,MOV-01252,B-002,CMAROSARIO,R-07,MUELLEE,ACEITE,HAMBURG,2022-05-07,1900-01-01 17:18:00,2022-05-08,1900-01-01 09:04:00,3714.01,15.3,12,RECHAZADO,0 days 15:46:00,3.3000000000000007,2.6999999999999993
1063,MOV-01253,B-015,MSCGENOVA,R-04,MUELLEE,ACEITE,SAO PAULO,2020-03-26,1900-01-01 16:41:00,2020-03-29,1900-01-01 13:54:00,6222.65,15.5,12,EN_REVISION,2 days 21:13:00,3.5,2.8999999999999986
1067,MOV-01258,B-018,EVERGLORY,R-08,MUELLEC,CONTENEDORES,SANTA FE,2020-04-14,1900-01-01 23:27:00,2020-04-16,1900-01-01 04:57:00,5173.12,17.9,10,PENDIENTE,1 days 05:30:00,7.899999999999999,7.399999999999999
1073,MOV-01266,B-024,COSCOSTAR,R-04,MUELLED,HARINA,SHANGHAI,2024-07-01,1900-01-01 06:17:00,2024-07-02,1900-01-01 23:47:00,8049.93,15.4,12,PENDIENTE,1 days 17:30:00,3.4000000000000004,2.799999999999999
1074,MOV-01267,B-022,ZIMDELTA,R-03,MUELLEB,MAIZ,VALPARAISO,2020-01-05,1900-01-01 03:17:00,2020-01-08,1900-01-01 07:43:00,6748.66,13.1,10,RECHAZADO,3 days 04:26:00,3.0999999999999996,2.5999999999999996
1075,MOV-01268,B-008,CMAROSARIO,R-07,MUELLEE,SOJA,HAMBURG,2021-10-24,1900-01-01 00:00:00,2021-10-24,1900-01-01 22:25:00,5202.71,12.0,10,PENDIENTE,0 days 22:25:00,2.0,1.5
1079,MOV-01273,B-039,MAERSKPAMPAS,R-03,MUELLED,CONTENEDORES,MONTEVIDEO,2024-07-09,1900-01-01 05:30:00,2024-07-11,1900-01-01 13:24:00,,15.7,10,PENDIENTE,2 days 07:54:00,5.699999999999999,5.199999999999999
1080,MOV-01274,B-033,MSCGENOVA,R-02,MUELLED,MINERALES,BUENOS AIRES,2024-11-11,1900-01-01 00:08:00,2024-11-13,1900-01-01 10:59:00,3642.69,13.9,12,DESPACHADO,2 days 10:51:00,1.9000000000000004,1.299999999999999
1081,MOV-01275,B-028,CMALITORAL,R-01,MUELLED,CONTENEDORES,HAMBURG,2024-03-18,1900-01-01 01:45:00,2024-03-18,1900-01-01 09:48:00,3300.09,12.8,10,EN_REVISION,0 days 08:03:00,2.8000000000000007,2.3000000000000007
1082,MOV-01276,B-019,CMAROSARIO,R-03,MUELLEC,TRIGO,SAO PAULO,2022-09-03,1900-01-01 14:49:00,2022-09-04,1900-01-01 06:52:00,5418.76,13.2,12,PENDIENTE,0 days 16:03:00,1.1999999999999993,0.5999999999999979
1089,MOV-01284,B-037,EVERGREEN02,R-03,MUELLEC,ACEITE,HAMBURG,2022-08-29,1900-01-01 17:48:00,2022-08-30,1900-01-01 00:29:00,3947.99,12.2,10,RECHAZADO,0 days 06:41:00,2.1999999999999993,1.6999999999999993
1090,MOV-01285,B-014,COSCOTIGRE,R-04,MUELLEA,CONTENEDORES,MONTEVIDEO,2021-04-01,1900-01-01 18:55:00,2021-04-02,1900-01-01 00:00:00,4067.31,16.0,12,RECHAZADO,0 days 05:05:00,4.0,3.3999999999999986
1092,MOV-01287,B-038,EVERGLORY,R-08,MUELLEA,MAIZ,ROTTERDAM,2024-08-10,1900-01-01 15:00:00,2024-08-11,1900-01-01 10:22:00,4143.27,16.2,10,DESPACHADO,0 days 19:22:00,6.199999999999999,5.699999999999999
1093,MOV-01288,B-006,CMAROSARIO,R-02,MUELLEE,HARINA,MONTEVIDEO,2024-03-21,1900-01-01 02:30:00,2024-03-23,1900-01-01 00:00:00,6478.92,13.5,12,EN_REVISION,1 days 21:30:00,1.5,0.8999999999999986
1096,MOV-01291,B-028,COSCOTIGRE,R-04,MUELLED,HARINA,ROTTERDAM,2024-07-31,1900-01-01 14:28:00,2024-08-02,1900-01-01 11:11:00,5041.17,14.1,12,EN_REVISION,1 days 20:43:00,2.0999999999999996,1.4999999999999982
1097,MOV-01292,B-032,ZIMDELTA,R-05,MUELLEC,GRANOS,SHANGHAI,2023-07-21,1900-01-01 00:16:00,2023-07-23,1900-01-01 21:28:00,5743.41,13.6,12,PENDIENTE,2 days 21:12:00,1.5999999999999996,0.9999999999999982
1099,MOV-01294,B-028,ZIMDELTA,R-06,MUELLEB,ACEITE,HAMBURG,2022-06-17,1900-01-01 20:10:00,2022-06-18,1900-01-01 14:50:00,3634.65,12.5,10,EN_REVISION,0 days 18:40:00,2.5,2.0
1107,MOV-01305,B-019,HAPAGRIO,R-05,MUELLEC,CONTENEDORES,ROTTERDAM,2024-02-03,1900-01-01 01:16:00,1900-01-01,1900-01-01 14:39:00,4847.31,11.3,10,PENDIENTE,,1.3000000000000007,0.8000000000000007
1108,MOV-01306,B-004,PILOESTE,R-08,MUELLEB,SOJA,HAMBURG,2024-12-22,1900-01-01 12:26:00,2024-12-25,1900-01-01 19:36:00,6352.31,11.0,10,DESPACHADO,3 days 07:10:00,1.0,0.5
1109,MOV-01307,B-010,EVERGREEN02,R-04,MUELLED,SOJA,MONTEVIDEO,2020-12-18,1900-01-01 05:50:00,2020-12-20,1900-01-01 11:55:00,3843.41,14.0,12,RECHAZADO,2 days 06:05:00,2.0,1.3999999999999986
1112,MOV-01311,B-035,ONEPLATA,R-01,MUELLEE,HARINA,MONTEVIDEO,2022-03-12,1900-01-01 06:13:00,2022-03-14,1900-01-01 19:57:00,3745.66,13.3,10,DESPACHADO,2 days 13:44:00,3.3000000000000007,2.8000000000000007
1113,MOV-01313,B-022,ZIMDELTA,R-07,MUELLEF,CONTENEDORES,HAMBURG,2022-03-23,1900-01-01 03:57:00,2022-03-24,1900-01-01 00:46:00,5025.36,11.2,10,PENDIENTE,0 days 20:49:00,1.1999999999999993,0.6999999999999993
1114,MOV-01315,B-027,HAPAGRIO,R-04,MUELLEF,CONTENEDORES,SHANGHAI,2022-04-20,1900-01-01 20:11:00,2022-04-21,1900-01-01 17:33:00,4917.67,12.8,10,DESPACHADO,0 days 21:22:00,2.8000000000000007,2.3000000000000007
1117,MOV-01318,B-033,MSCALPHA,R-08,MUELLEE,MAIZ,BUENOS AIRES,2024-12-27,1900-01-01 10:11:00,2024-12-28,1900-01-01 04:06:00,5424.68,13.9,10,PENDIENTE,0 days 17:55:00,3.9000000000000004,3.4000000000000004
1123,MOV-01325,B-017,COSCOSTAR,R-01,MUELLEF,CONTENEDORES,ROTTERDAM,1900-01-01,1900-01-01 17:22:00,2020-04-22,1900-01-01 01:35:00,3935.12,18.7,15,EN_REVISION,,3.6999999999999993,2.9499999999999993
1126,MOV-01328,B-039,EVERGREEN02,R-02,MUELLEF,ACEITE,MONTEVIDEO,2021-10-14,1900-01-01 04:04:00,2021-10-16,1900-01-01 21:56:00,4666.58,16.5,12,PENDIENTE,2 days 17:52:00,4.5,3.8999999999999986
1129,MOV-01332,B-018,EVERGLORY,R-07,MUELLEB,MINERALES,SANTA FE,2024-04-09,1900-01-01 03:09:00,2024-04-09,1900-01-01 13:27:00,,15.3,10,DESPACHADO,0 days 10:18:00,5.300000000000001,4.800000000000001
1133,MOV-01337,B-004,ONEPLATA,R-01,MUELLEE,TRIGO,HAMBURG,2022-07-08,1900-01-01 17:19:00,2022-07-10,1900-01-01 10:21:00,3831.95,15.0,10,DESPACHADO,1 days 17:02:00,5.0,4.5
1135,MOV-01340,B-005,MAERSKPAMPAS,R-02,MUELLEA,ACEITE,SHANGHAI,2024-01-27,1900-01-01 00:00:00,2024-01-28,1900-01-01 11:58:00,5887.88,12.4,10,PENDIENTE,1 days 11:58:00,2.4000000000000004,1.9000000000000004
1140,MOV-01345,B-027,MSCGENOVA,R-05,MUELLEE,MAIZ,VALPARAISO,2020-05-03,1900-01-01 02:12:00,2020-05-06,1900-01-01 07:39:00,4067.68,13.2,12,RECHAZADO,3 days 05:27:00,1.1999999999999993,0.5999999999999979
1142,MOV-01347,B-024,YANGMING,R-07,MUELLEA,CONTENEDORES,VALPARAISO,2022-01-18,1900-01-01 20:32:00,2022-01-19,1900-01-01 05:04:00,4717.47,16.0,12,EN_REVISION,0 days 08:32:00,4.0,3.3999999999999986
1144,MOV-01349,B-031,COSCOTIGRE,R-08,MUELLED,HARINA,HAMBURG,2021-07-15,1900-01-01 04:22:00,2021-07-15,1900-01-01 23:53:00,4650.64,12.3,10,PENDIENTE,0 days 19:31:00,2.3000000000000007,1.8000000000000007
1145,MOV-01350,B-025,PILSANTA,R-03,MUELLEC,TRIGO,BUENOS AIRES,2022-12-23,1900-01-01 11:26:00,2022-12-26,1900-01-01 22:43:00,3549.72,13.6,10,RECHAZADO,3 days 11:17:00,3.5999999999999996,3.0999999999999996
1147,MOV-01352,B-023,MSCALPHA,R-06,MUELLEF,MINERALES,ROTTERDAM,2021-07-10,1900-01-01 00:00:00,2021-07-12,1900-01-01 09:28:00,5552.86,17.5,15,RECHAZADO,2 days 09:28:00,2.5,1.75
1148,MOV-01353,B-004,ZIMNORTE,R-05,MUELLEB,CONTENEDORES,ROTTERDAM,2023-01-11,1900-01-01 00:50:00,2023-01-12,1900-01-01 20:48:00,5261.3,18.8,15,DESPACHADO,1 days 19:58:00,3.8000000000000007,3.0500000000000007
1149,MOV-01354,B-032,CMALITORAL,R-05,MUELLEB,HARINA,HAMBURG,2023-04-15,1900-01-01 03:24:00,2023-04-16,1900-01-01 00:00:00,4133.17,13.2,10,DESPACHADO,0 days 20:36:00,3.1999999999999993,2.6999999999999993
1150,MOV-01355,B-003,MSCGENOVA,R-02,MUELLEB,TRIGO,VALPARAISO,2021-09-05,1900-01-01 07:11:00,2021-09-07,1900-01-01 01:33:00,6833.61,17.6,12,DESPACHADO,1 days 18:22:00,5.600000000000001,5.0
1151,MOV-01356,B-016,COSCOSTAR,R-02,MUELLEE,MAIZ,HAMBURG,2021-12-15,1900-01-01 03:05:00,2021-12-16,1900-01-01 20:56:00,4779.89,18.6,15,DESPACHADO,1 days 17:51:00,3.6000000000000014,2.8500000000000014
1152,MOV-01357,B-014,HAPAGSUR,R-06,MUELLEF,HARINA,MONTEVIDEO,2021-05-09,1900-01-01 09:40:00,2021-05-11,1900-01-01 19:28:00,3980.12,14.3,12,EN_REVISION,2 days 09:48:00,2.3000000000000007,1.6999999999999993
1154,MOV-01360,B-024,CMALITORAL,R-02,MUELLEC,CONTENEDORES,SAO PAULO,1900-01-01,1900-01-01 06:57:00,2022-01-27,1900-01-01 10:19:00,4798.75,13.1,10,EN_REVISION,,3.0999999999999996,2.5999999999999996
1158,MOV-01364,B-004,COSCOTIGRE,,MUELLEF,CONTENEDORES,BUENOS AIRES,2024-02-21,1900-01-01 16:10:00,2024-02-24,1900-01-01 00:00:00,4515.73,14.0,10,RECHAZADO,2 days 07:50:00,4.0,3.5
1159,MOV-01365,B-036,COSCOTIGRE,R-06,MUELLEA,HARINA,VALPARAISO,2024-03-09,1900-01-01 04:39:00,2024-03-10,1900-01-01 15:05:00,5849.2,13.4,12,EN_REVISION,1 days 10:26:00,1.4000000000000004,0.7999999999999989
1161,MOV-01367,B-004,MSCALPHA,R-05,MUELLEA,MINERALES,BUENOS AIRES,2020-01-29,1900-01-01 00:00:00,2020-01-31,1900-01-01 10:43:00,7081.44,13.3,12,EN_REVISION,2 days 10:43:00,1.3000000000000007,0.6999999999999993
1162,MOV-01368,B-032,CMAROSARIO,R-02,MUELLEE,MAIZ,MONTEVIDEO,2021-02-24,1900-01-01 00:40:00,2021-02-24,1900-01-01 03:36:00,4267.79,17.7,12,PENDIENTE,0 days 02:56:00,5.699999999999999,5.099999999999998
1163,MOV-01369,B-038,PILSANTA,R-05,MUELLEF,MINERALES,ROTTERDAM,2021-12-01,1900-01-01 12:51:00,1900-01-01,1900-01-01 16:40:00,6507.48,14.4,10,DESPACHADO,,4.4,3.9000000000000004
1164,MOV-01370,B-024,MSCALPHA,R-06,MUELLEE,SOJA,SHANGHAI,2022-06-11,1900-01-01 22:26:00,2022-06-12,1900-01-01 13:18:00,3005.47,16.1,10,DESPACHADO,0 days 14:52:00,6.100000000000001,5.600000000000001
1171,MOV-01377,B-037,ZIMDELTA,R-07,MUELLED,HARINA,SAO PAULO,2023-10-20,1900-01-01 22:12:00,2023-10-21,1900-01-01 03:37:00,4074.92,19.5,12,RECHAZADO,0 days 05:25:00,7.5,6.899999999999999
1172,MOV-01379,B-016,ZIMNORTE,R-07,MUELLED,CONTENEDORES,VALPARAISO,2022-03-07,1900-01-01 01:47:00,2022-03-08,1900-01-01 17:36:00,6367.57,12.9,10,RECHAZADO,1 days 15:49:00,2.9000000000000004,2.4000000000000004
1175,MOV-01382,B-034,ONEPARANA,R-05,MUELLEE,GRANOS,SHANGHAI,2023-02-02,1900-01-01 18:02:00,2023-02-04,1900-01-01 11:31:00,4931.29,15.7,12,EN_REVISION,1 days 17:29:00,3.6999999999999993,3.099999999999998
1178,MOV-01386,B-030,HAPAGRIO,R-03,MUELLEF,CONTENEDORES,HAMBURG,2021-10-05,1900-01-01 08:06:00,2021-10-06,1900-01-01 00:40:00,6711.15,13.2,10,EN_REVISION,0 days 16:34:00,3.1999999999999993,2.6999999999999993
1180,MOV-01389,B-021,HAPAGRIO,,MUELLEC,MINERALES,SAO PAULO,2020-08-11,1900-01-01 13:25:00,2020-08-13,1900-01-01 06:36:00,1975.23,12.0,10,DESPACHADO,1 days 17:11:00,2.0,1.5
1187,MOV-01396,B-038,ONEPARANA,R-08,MUELLEF,MINERALES,SANTA FE,2020-02-21,1900-01-01 19:23:00,2020-02-22,1900-01-01 20:56:00,7205.0,14.1,12,RECHAZADO,1 days 01:33:00,2.0999999999999996,1.4999999999999982
1189,MOV-01398,B-010,YANGESTE,R-01,MUELLEA,CONTENEDORES,SHANGHAI,2020-12-05,1900-01-01 15:59:00,2020-12-07,1900-01-01 19:12:00,4228.3,16.4,12,DESPACHADO,2 days 03:13:00,4.399999999999999,3.799999999999997
1190,MOV-01399,B-022,COSCOTIGRE,R-02,MUELLEE,CONTENEDORES,BUENOS AIRES,2020-08-18,1900-01-01 00:51:00,2020-08-18,1900-01-01 00:00:00,,14.9,10,RECHAZADO,,4.9,4.4
1197,MOV-01407,B-010,PILSANTA,R-04,MUELLED,ACEITE,ROTTERDAM,2022-07-04,1900-01-01 08:58:00,2022-07-07,1900-01-01 00:00:00,,11.2,10,RECHAZADO,2 days 15:02:00,1.1999999999999993,0.6999999999999993
1199,MOV-01409,B-014,MAERSKLIMA,R-06,MUELLEE,CONTENEDORES,SAO PAULO,2020-08-29,1900-01-01 20:53:00,2020-08-30,1900-01-01 08:58:00,5505.5,11.9,10,RECHAZADO,0 days 12:05:00,1.9000000000000004,1.4000000000000004
1202,MOV-01412,B-005,ONEPLATA,R-07,MUELLEA,MINERALES,SHANGHAI,2023-06-04,1900-01-01 09:40:00,2023-06-07,1900-01-01 09:12:00,5301.28,13.6,12,RECHAZADO,2 days 23:32:00,1.5999999999999996,0.9999999999999982
1203,MOV-01414,B-007,ONEPARANA,R-06,MUELLEC,TRIGO,MONTEVIDEO,2023-06-02,1900-01-01 15:15:00,2023-06-03,1900-01-01 09:02:00,4802.47,12.1,10,PENDIENTE,0 days 17:47:00,2.0999999999999996,1.5999999999999996
1207,MOV-01422,B-038,COSCOSTAR,R-01,MUELLEC,TRIGO,VALPARAISO,2023-03-13,1900-01-01 15:21:00,2023-03-15,1900-01-01 07:43:00,6536.74,13.2,12,PENDIENTE,1 days 16:22:00,1.1999999999999993,0.5999999999999979
1208,MOV-01423,B-040,CMALITORAL,R-05,MUELLED,GRANOS,SAO PAULO,2020-05-27,1900-01-01 15:33:00,2020-05-28,1900-01-01 13:05:00,,13.5,10,DESPACHADO,0 days 21:32:00,3.5,3.0
1212,MOV-01429,B-038,HAPAGRIO,,MUELLED,MINERALES,SHANGHAI,2023-08-19,1900-01-01 05:42:00,2023-08-20,1900-01-01 00:00:00,4898.15,13.3,12,DESPACHADO,0 days 18:18:00,1.3000000000000007,0.6999999999999993
1213,MOV-01430,B-036,HAPAGSUR,,MUELLEA,TRIGO,ROTTERDAM,2020-06-30,1900-01-01 08:18:00,2020-07-01,1900-01-01 15:52:00,5195.76,15.4,12,EN_REVISION,1 days 07:34:00,3.4000000000000004,2.799999999999999
1214,MOV-01432,B-019,MAERSKLIMA,R-08,MUELLEA,CONTENEDORES,SANTA FE,2021-02-18,1900-01-01 00:00:00,2021-02-19,1900-01-01 03:52:00,5338.65,13.6,12,PENDIENTE,1 days 03:52:00,1.5999999999999996,0.9999999999999982
1216,MOV-01434,B-031,COSCOTIGRE,R-05,MUELLED,ACEITE,ROTTERDAM,2021-12-23,1900-01-01 01:47:00,2021-12-23,1900-01-01 08:55:00,4817.34,12.8,12,PENDIENTE,0 days 07:08:00,0.8000000000000007,0.1999999999999993
1221,MOV-01441,B-035,ONEPLATA,R-05,MUELLEB,TRIGO,SANTA FE,2022-11-04,1900-01-01 23:56:00,2022-11-05,1900-01-01 14:31:00,4468.47,16.3,12,DESPACHADO,0 days 14:35:00,4.300000000000001,3.6999999999999993
1223,MOV-01443,B-018,PILOESTE,R-02,MUELLEF,SOJA,ROTTERDAM,2024-01-25,1900-01-01 15:12:00,2024-01-27,1900-01-01 05:34:00,4080.88,12.1,10,EN_REVISION,1 days 14:22:00,2.0999999999999996,1.5999999999999996
1226,MOV-01447,B-011,EVERGLORY,R-04,MUELLED,MAIZ,VALPARAISO,2021-03-14,1900-01-01 14:34:00,2021-03-17,1900-01-01 09:00:00,4620.13,14.5,10,RECHAZADO,2 days 18:26:00,4.5,4.0
1229,MOV-01452,B-026,EVERGLORY,R-06,MUELLEC,MINERALES,SAO PAULO,2024-05-14,1900-01-01 00:47:00,2024-05-16,1900-01-01 22:41:00,6167.88,14.6,10,EN_REVISION,2 days 21:54:00,4.6,4.1
1230,MOV-01453,B-006,YANGMING,R-04,MUELLEB,CONTENEDORES,HAMBURG,2021-06-22,1900-01-01 00:00:00,2021-06-22,1900-01-01 05:03:00,2754.79,13.5,12,EN_REVISION,0 days 05:03:00,1.5,0.8999999999999986
1234,MOV-01458,B-003,YANGESTE,R-05,MUELLEE,GRANOS,VALPARAISO,2020-04-19,1900-01-01 14:08:00,2020-04-21,1900-01-01 03:04:00,4936.57,14.4,12,EN_REVISION,1 days 12:56:00,2.4000000000000004,1.799999999999999
1237,MOV-01462,B-038,HAPAGRIO,R-01,MUELLEC,TRIGO,ROTTERDAM,1900-01-01,1900-01-01 13:39:00,2022-12-12,1900-01-01 02:07:00,6676.63,12.7,12,EN_REVISION,,0.6999999999999993,0.09999999999999787
1242,MOV-01469,B-029,ZIMNORTE,R-04,MUELLEB,TRIGO,VALPARAISO,2020-06-11,1900-01-01 17:32:00,2020-06-14,1900-01-01 13:51:00,6419.97,13.7,12,PENDIENTE,2 days 20:19:00,1.6999999999999993,1.0999999999999979
1244,MOV-01473,B-016,MAERSKLIMA,R-04,MUELLEA,GRANOS,BUENOS AIRES,2020-12-31,1900-01-01 02:21:00,2021-01-01,1900-01-01 02:47:00,7107.14,14.9,10,RECHAZADO,1 days 00:26:00,4.9,4.4
1245,MOV-01474,B-009,ONEPARANA,R-03,MUELLEC,CONTENEDORES,VALPARAISO,2024-06-07,1900-01-01 12:03:00,2024-06-09,1900-01-01 20:55:00,4669.75,12.1,10,EN_REVISION,2 days 08:52:00,2.0999999999999996,1.5999999999999996
1246,MOV-01475,B-003,MAERSKLIMA,R-02,MUELLED,GRANOS,SHANGHAI,2022-05-27,1900-01-01 23:21:00,2022-05-30,1900-01-01 14:33:00,4770.51,16.2,15,RECHAZADO,2 days 15:12:00,1.1999999999999993,0.4499999999999993
1247,MOV-01476,B-040,YANGESTE,R-04,MUELLEF,MINERALES,VALPARAISO,2023-01-06,1900-01-01 00:18:00,2023-01-07,1900-01-01 08:26:00,4668.95,13.9,10,RECHAZADO,1 days 08:08:00,3.9000000000000004,3.4000000000000004
1248,MOV-01477,B-040,MAERSKPAMPAS,R-05,MUELLEF,SOJA,ROTTERDAM,2022-08-22,1900-01-01 04:52:00,2022-08-23,1900-01-01 00:00:00,3921.24,11.5,10,PENDIENTE,0 days 19:08:00,1.5,1.0
1253,MOV-01483,B-034,HAPAGSUR,R-08,MUELLEE,TRIGO,VALPARAISO,2020-07-11,1900-01-01 22:27:00,2020-07-14,1900-01-01 20:06:00,6585.96,17.1,12,RECHAZADO,2 days 21:39:00,5.100000000000001,4.5
1254,MOV-01484,B-022,MAERSKLIMA,R-07,MUELLEF,MAIZ,SANTA FE,2022-02-12,1900-01-01 04:28:00,2022-02-14,1900-01-01 07:03:00,4149.47,15.0,10,EN_REVISION,2 days 02:35:00,5.0,4.5
1256,MOV-01486,B-022,ONEPLATA,R-01,MUELLED,CONTENEDORES,ROTTERDAM,2021-04-07,1900-01-01 17:42:00,2021-04-09,1900-01-01 23:42:00,3585.2,11.2,10,EN_REVISION,2 days 06:00:00,1.1999999999999993,0.6999999999999993
1257,MOV-01487,B-001,ONEPARANA,R-06,MUELLEB,HARINA,BUENOS AIRES,2022-04-14,1900-01-01 03:51:00,2022-04-15,1900-01-01 16:29:00,2995.13,14.6,12,RECHAZADO,1 days 12:38:00,2.5999999999999996,1.9999999999999982
1261,MOV-01492,B-025,ONEPARANA,,MUELLEF,HARINA,SHANGHAI,2024-04-28,1900-01-01 23:14:00,2024-04-30,1900-01-01 10:46:00,4693.24,11.4,10,EN_REVISION,1 days 11:32:00,1.4000000000000004,0.9000000000000004
1262,MOV-01493,B-032,EVERGREEN02,R-04,MUELLEA,MAIZ,ROTTERDAM,2024-04-01,1900-01-01 01:50:00,2024-04-02,1900-01-01 12:00:00,4781.9,15.9,15,DESPACHADO,1 days 10:10:00,0.9000000000000004,0.15000000000000036
